0 verbose cli /usr/local/bin/node /usr/local/bin/npm
1 info using npm@11.12.1
2 info using node@v24.15.0
3 silly config load:file:/usr/local/lib/node_modules/npm/npmrc
4 silly config load:file:/Users/vishwampathak/dayflow/.npmrc
5 silly config load:file:/Users/vishwampathak/.npmrc
6 silly config load:file:/usr/local/etc/npmrc
7 verbose title npm install next@16.2.4
8 verbose argv "install" "next@16.2.4" "--cache" ".npm-cache" "--legacy-peer-deps"
9 verbose logfile logs-max:10 dir:/Users/vishwampathak/dayflow/.npm-cache/_logs/2026-04-26T14_23_42_348Z-
10 verbose logfile /Users/vishwampathak/dayflow/.npm-cache/_logs/2026-04-26T14_23_42_348Z-debug-0.log
11 silly logfile done cleaning log files
12 silly packumentCache heap:4496293888 maxSize:1124073472 maxEntrySize:562036736
13 silly idealTree buildDeps
14 silly fetch manifest next@16.2.4
15 silly packumentCache full:https://registry.npmjs.org/next cache-miss
16 http fetch GET 200 https://registry.npmjs.org/next 602ms (cache miss)
17 silly packumentCache full:https://registry.npmjs.org/next set size:undefined disposed:false
18 silly placeDep ROOT next@16.2.4 REPLACE for: dayflow@0.1.0 want: 16.2.4
19 silly fetch manifest postcss@8.4.31
20 silly packumentCache full:https://registry.npmjs.org/postcss cache-miss
21 silly fetch manifest @next/env@16.2.4
22 silly packumentCache full:https://registry.npmjs.org/@next%2fenv cache-miss
23 silly fetch manifest styled-jsx@5.1.6
24 silly packumentCache full:https://registry.npmjs.org/styled-jsx cache-miss
25 silly fetch manifest @swc/helpers@0.5.15
26 silly packumentCache full:https://registry.npmjs.org/@swc%2fhelpers cache-miss
27 silly fetch manifest sharp@^0.34.5
28 silly packumentCache full:https://registry.npmjs.org/sharp cache-miss
29 silly fetch manifest @next/swc-darwin-x64@16.2.4
30 silly packumentCache full:https://registry.npmjs.org/@next%2fswc-darwin-x64 cache-miss
31 silly fetch manifest @next/swc-darwin-arm64@16.2.4
32 silly packumentCache full:https://registry.npmjs.org/@next%2fswc-darwin-arm64 cache-miss
33 silly fetch manifest @next/swc-linux-x64-gnu@16.2.4
34 silly packumentCache full:https://registry.npmjs.org/@next%2fswc-linux-x64-gnu cache-miss
35 silly fetch manifest @next/swc-linux-x64-musl@16.2.4
36 silly packumentCache full:https://registry.npmjs.org/@next%2fswc-linux-x64-musl cache-miss
37 http fetch GET 200 https://registry.npmjs.org/sharp 130ms (cache miss)
38 silly packumentCache full:https://registry.npmjs.org/sharp set size:undefined disposed:false
39 silly fetch manifest @next/swc-win32-x64-msvc@16.2.4
40 silly packumentCache full:https://registry.npmjs.org/@next%2fswc-win32-x64-msvc cache-miss
41 http fetch GET 200 https://registry.npmjs.org/styled-jsx 136ms (cache miss)
42 silly packumentCache full:https://registry.npmjs.org/styled-jsx set size:undefined disposed:false
43 silly fetch manifest @next/swc-linux-arm64-gnu@16.2.4
44 silly packumentCache full:https://registry.npmjs.org/@next%2fswc-linux-arm64-gnu cache-miss
45 http fetch GET 200 https://registry.npmjs.org/@swc%2fhelpers 162ms (cache miss)
46 silly packumentCache full:https://registry.npmjs.org/@swc%2fhelpers set size:undefined disposed:false
47 silly fetch manifest @next/swc-linux-arm64-musl@16.2.4
48 silly packumentCache full:https://registry.npmjs.org/@next%2fswc-linux-arm64-musl cache-miss
49 http fetch GET 200 https://registry.npmjs.org/@next%2fenv 166ms (cache miss)
50 silly packumentCache full:https://registry.npmjs.org/@next%2fenv set size:undefined disposed:false
51 silly fetch manifest @next/swc-win32-arm64-msvc@16.2.4
52 silly packumentCache full:https://registry.npmjs.org/@next%2fswc-win32-arm64-msvc cache-miss
53 http fetch GET 200 https://registry.npmjs.org/postcss 182ms (cache miss)
54 silly packumentCache full:https://registry.npmjs.org/postcss set size:undefined disposed:false
55 http fetch GET 200 https://registry.npmjs.org/@next%2fswc-darwin-x64 254ms (cache miss)
56 silly packumentCache full:https://registry.npmjs.org/@next%2fswc-darwin-x64 set size:undefined disposed:false
57 http fetch GET 200 https://registry.npmjs.org/@next%2fswc-darwin-arm64 281ms (cache miss)
58 silly packumentCache full:https://registry.npmjs.org/@next%2fswc-darwin-arm64 set size:undefined disposed:false
59 http fetch GET 200 https://registry.npmjs.org/@next%2fswc-win32-x64-msvc 170ms (cache miss)
60 silly packumentCache full:https://registry.npmjs.org/@next%2fswc-win32-x64-msvc set size:undefined disposed:false
61 http fetch GET 200 https://registry.npmjs.org/@next%2fswc-linux-arm64-gnu 182ms (cache miss)
62 silly packumentCache full:https://registry.npmjs.org/@next%2fswc-linux-arm64-gnu set size:undefined disposed:false
63 http fetch GET 200 https://registry.npmjs.org/@next%2fswc-win32-arm64-msvc 164ms (cache miss)
64 silly packumentCache full:https://registry.npmjs.org/@next%2fswc-win32-arm64-msvc set size:undefined disposed:false
65 http fetch GET 200 https://registry.npmjs.org/@next%2fswc-linux-x64-musl 350ms (cache miss)
66 silly packumentCache full:https://registry.npmjs.org/@next%2fswc-linux-x64-musl set size:undefined disposed:false
67 http fetch GET 200 https://registry.npmjs.org/@next%2fswc-linux-x64-gnu 394ms (cache miss)
68 silly packumentCache full:https://registry.npmjs.org/@next%2fswc-linux-x64-gnu set size:undefined disposed:false
69 http fetch GET 200 https://registry.npmjs.org/@next%2fswc-linux-arm64-musl 287ms (cache miss)
70 silly packumentCache full:https://registry.npmjs.org/@next%2fswc-linux-arm64-musl set size:undefined disposed:false
71 silly placeDep ROOT @next/env@16.2.4 OK for: next@16.2.4 want: 16.2.4
72 silly placeDep ROOT @next/swc-darwin-arm64@16.2.4 OK for: next@16.2.4 want: 16.2.4
73 silly placeDep ROOT @next/swc-darwin-x64@16.2.4 OK for: next@16.2.4 want: 16.2.4
74 silly placeDep ROOT @next/swc-linux-arm64-gnu@16.2.4 OK for: next@16.2.4 want: 16.2.4
75 silly placeDep ROOT @next/swc-linux-arm64-musl@16.2.4 OK for: next@16.2.4 want: 16.2.4
76 silly placeDep ROOT @next/swc-linux-x64-gnu@16.2.4 OK for: next@16.2.4 want: 16.2.4
77 silly placeDep ROOT @next/swc-linux-x64-musl@16.2.4 OK for: next@16.2.4 want: 16.2.4
78 silly placeDep ROOT @next/swc-win32-arm64-msvc@16.2.4 OK for: next@16.2.4 want: 16.2.4
79 silly placeDep ROOT @next/swc-win32-x64-msvc@16.2.4 OK for: next@16.2.4 want: 16.2.4
80 silly placeDep ROOT @swc/helpers@0.5.15 OK for: next@16.2.4 want: 0.5.15
81 silly placeDep node_modules/next postcss@8.4.31 OK for: next@16.2.4 want: 8.4.31
82 silly placeDep ROOT sharp@0.34.5 OK for: next@16.2.4 want: ^0.34.5
83 silly placeDep ROOT styled-jsx@5.1.6 OK for: next@16.2.4 want: 5.1.6
84 silly fetch manifest semver@^7.7.3
85 silly packumentCache full:https://registry.npmjs.org/semver cache-miss
86 silly fetch manifest @img/colour@^1.0.0
87 silly packumentCache full:https://registry.npmjs.org/@img%2fcolour cache-miss
88 silly fetch manifest @img/sharp-wasm32@0.34.5
89 silly packumentCache full:https://registry.npmjs.org/@img%2fsharp-wasm32 cache-miss
90 silly fetch manifest @img/sharp-linux-arm@0.34.5
91 silly packumentCache full:https://registry.npmjs.org/@img%2fsharp-linux-arm cache-miss
92 silly fetch manifest @img/sharp-linux-x64@0.34.5
93 silly packumentCache full:https://registry.npmjs.org/@img%2fsharp-linux-x64 cache-miss
94 silly fetch manifest @img/sharp-win32-x64@0.34.5
95 silly packumentCache full:https://registry.npmjs.org/@img%2fsharp-win32-x64 cache-miss
96 silly fetch manifest @img/sharp-darwin-x64@0.34.5
97 silly packumentCache full:https://registry.npmjs.org/@img%2fsharp-darwin-x64 cache-miss
98 silly fetch manifest @img/sharp-win32-ia32@0.34.5
99 silly packumentCache full:https://registry.npmjs.org/@img%2fsharp-win32-ia32 cache-miss
100 silly fetch manifest @img/sharp-linux-arm64@0.34.5
101 silly packumentCache full:https://registry.npmjs.org/@img%2fsharp-linux-arm64 cache-miss
102 http fetch GET 200 https://registry.npmjs.org/@img%2fsharp-wasm32 50ms (cache miss)
103 silly packumentCache full:https://registry.npmjs.org/@img%2fsharp-wasm32 set size:undefined disposed:false
104 silly fetch manifest @img/sharp-linux-ppc64@0.34.5
105 silly packumentCache full:https://registry.npmjs.org/@img%2fsharp-linux-ppc64 cache-miss
106 http fetch GET 200 https://registry.npmjs.org/@img%2fsharp-darwin-x64 50ms (cache miss)
107 silly packumentCache full:https://registry.npmjs.org/@img%2fsharp-darwin-x64 set size:undefined disposed:false
108 silly fetch manifest @img/sharp-linux-s390x@0.34.5
109 silly packumentCache full:https://registry.npmjs.org/@img%2fsharp-linux-s390x cache-miss
110 http fetch GET 200 https://registry.npmjs.org/@img%2fcolour 53ms (cache miss)
111 silly packumentCache full:https://registry.npmjs.org/@img%2fcolour set size:undefined disposed:false
112 silly fetch manifest @img/sharp-win32-arm64@0.34.5
113 silly packumentCache full:https://registry.npmjs.org/@img%2fsharp-win32-arm64 cache-miss
114 http fetch GET 200 https://registry.npmjs.org/@img%2fsharp-linux-arm 53ms (cache miss)
115 silly packumentCache full:https://registry.npmjs.org/@img%2fsharp-linux-arm set size:undefined disposed:false
116 silly fetch manifest @img/sharp-darwin-arm64@0.34.5
117 silly packumentCache full:https://registry.npmjs.org/@img%2fsharp-darwin-arm64 cache-miss
118 http fetch GET 200 https://registry.npmjs.org/@img%2fsharp-win32-x64 53ms (cache miss)
119 silly packumentCache full:https://registry.npmjs.org/@img%2fsharp-win32-x64 set size:undefined disposed:false
120 silly fetch manifest @img/sharp-linux-riscv64@0.34.5
121 silly packumentCache full:https://registry.npmjs.org/@img%2fsharp-linux-riscv64 cache-miss
122 http fetch GET 200 https://registry.npmjs.org/@img%2fsharp-win32-ia32 54ms (cache miss)
123 silly packumentCache full:https://registry.npmjs.org/@img%2fsharp-win32-ia32 set size:undefined disposed:false
124 silly fetch manifest @img/sharp-linuxmusl-x64@0.34.5
125 silly packumentCache full:https://registry.npmjs.org/@img%2fsharp-linuxmusl-x64 cache-miss
126 http fetch GET 200 https://registry.npmjs.org/@img%2fsharp-linux-arm64 55ms (cache miss)
127 silly packumentCache full:https://registry.npmjs.org/@img%2fsharp-linux-arm64 set size:undefined disposed:false
128 silly fetch manifest @img/sharp-linuxmusl-arm64@0.34.5
129 silly packumentCache full:https://registry.npmjs.org/@img%2fsharp-linuxmusl-arm64 cache-miss
130 http fetch GET 200 https://registry.npmjs.org/@img%2fsharp-linux-x64 56ms (cache miss)
131 silly packumentCache full:https://registry.npmjs.org/@img%2fsharp-linux-x64 set size:undefined disposed:false
132 silly fetch manifest @img/sharp-libvips-linux-arm@1.2.4
133 silly packumentCache full:https://registry.npmjs.org/@img%2fsharp-libvips-linux-arm cache-miss
134 http fetch GET 200 https://registry.npmjs.org/semver 58ms (cache miss)
135 silly packumentCache full:https://registry.npmjs.org/semver set size:undefined disposed:false
136 silly fetch manifest @img/sharp-libvips-linux-x64@1.2.4
137 silly packumentCache full:https://registry.npmjs.org/@img%2fsharp-libvips-linux-x64 cache-miss
138 http fetch GET 200 https://registry.npmjs.org/@img%2fsharp-linux-s390x 43ms (cache miss)
139 silly packumentCache full:https://registry.npmjs.org/@img%2fsharp-linux-s390x set size:undefined disposed:false
140 silly fetch manifest @img/sharp-libvips-darwin-x64@1.2.4
141 silly packumentCache full:https://registry.npmjs.org/@img%2fsharp-libvips-darwin-x64 cache-miss
142 http fetch GET 200 https://registry.npmjs.org/@img%2fsharp-linux-riscv64 43ms (cache miss)
143 silly packumentCache full:https://registry.npmjs.org/@img%2fsharp-linux-riscv64 set size:undefined disposed:false
144 silly fetch manifest @img/sharp-libvips-linux-arm64@1.2.4
145 silly packumentCache full:https://registry.npmjs.org/@img%2fsharp-libvips-linux-arm64 cache-miss
146 http fetch GET 200 https://registry.npmjs.org/@img%2fsharp-darwin-arm64 45ms (cache miss)
147 silly packumentCache full:https://registry.npmjs.org/@img%2fsharp-darwin-arm64 set size:undefined disposed:false
148 silly fetch manifest @img/sharp-libvips-linux-ppc64@1.2.4
149 silly packumentCache full:https://registry.npmjs.org/@img%2fsharp-libvips-linux-ppc64 cache-miss
150 http fetch GET 200 https://registry.npmjs.org/@img%2fsharp-linux-ppc64 49ms (cache miss)
151 silly packumentCache full:https://registry.npmjs.org/@img%2fsharp-linux-ppc64 set size:undefined disposed:false
152 silly fetch manifest @img/sharp-libvips-linux-s390x@1.2.4
153 silly packumentCache full:https://registry.npmjs.org/@img%2fsharp-libvips-linux-s390x cache-miss
154 http fetch GET 200 https://registry.npmjs.org/@img%2fsharp-win32-arm64 47ms (cache miss)
155 silly packumentCache full:https://registry.npmjs.org/@img%2fsharp-win32-arm64 set size:undefined disposed:false
156 silly fetch manifest @img/sharp-libvips-darwin-arm64@1.2.4
157 silly packumentCache full:https://registry.npmjs.org/@img%2fsharp-libvips-darwin-arm64 cache-miss
158 http fetch GET 200 https://registry.npmjs.org/@img%2fsharp-linuxmusl-x64 47ms (cache miss)
159 silly packumentCache full:https://registry.npmjs.org/@img%2fsharp-linuxmusl-x64 set size:undefined disposed:false
160 silly fetch manifest @img/sharp-libvips-linux-riscv64@1.2.4
161 silly packumentCache full:https://registry.npmjs.org/@img%2fsharp-libvips-linux-riscv64 cache-miss
162 http fetch GET 200 https://registry.npmjs.org/@img%2fsharp-linuxmusl-arm64 50ms (cache miss)
163 silly packumentCache full:https://registry.npmjs.org/@img%2fsharp-linuxmusl-arm64 set size:undefined disposed:false
164 silly fetch manifest @img/sharp-libvips-linuxmusl-x64@1.2.4
165 silly packumentCache full:https://registry.npmjs.org/@img%2fsharp-libvips-linuxmusl-x64 cache-miss
166 http fetch GET 200 https://registry.npmjs.org/@img%2fsharp-libvips-linux-arm 50ms (cache miss)
167 silly packumentCache full:https://registry.npmjs.org/@img%2fsharp-libvips-linux-arm set size:undefined disposed:false
168 silly fetch manifest @img/sharp-libvips-linuxmusl-arm64@1.2.4
169 silly packumentCache full:https://registry.npmjs.org/@img%2fsharp-libvips-linuxmusl-arm64 cache-miss
170 http fetch GET 200 https://registry.npmjs.org/@img%2fsharp-libvips-linux-x64 64ms (cache miss)
171 silly packumentCache full:https://registry.npmjs.org/@img%2fsharp-libvips-linux-x64 set size:undefined disposed:false
172 silly fetch manifest client-only@0.0.1
173 silly packumentCache full:https://registry.npmjs.org/client-only cache-miss
174 http fetch GET 200 https://registry.npmjs.org/@img%2fsharp-libvips-darwin-x64 45ms (cache miss)
175 silly packumentCache full:https://registry.npmjs.org/@img%2fsharp-libvips-darwin-x64 set size:undefined disposed:false
176 http fetch GET 200 https://registry.npmjs.org/@img%2fsharp-libvips-linux-s390x 45ms (cache miss)
177 silly packumentCache full:https://registry.npmjs.org/@img%2fsharp-libvips-linux-s390x set size:undefined disposed:false
178 http fetch GET 200 https://registry.npmjs.org/@img%2fsharp-libvips-linuxmusl-x64 41ms (cache miss)
179 silly packumentCache full:https://registry.npmjs.org/@img%2fsharp-libvips-linuxmusl-x64 set size:undefined disposed:false
180 http fetch GET 200 https://registry.npmjs.org/@img%2fsharp-libvips-linux-riscv64 44ms (cache miss)
181 silly packumentCache full:https://registry.npmjs.org/@img%2fsharp-libvips-linux-riscv64 set size:undefined disposed:false
182 http fetch GET 200 https://registry.npmjs.org/@img%2fsharp-libvips-linux-ppc64 49ms (cache miss)
183 silly packumentCache full:https://registry.npmjs.org/@img%2fsharp-libvips-linux-ppc64 set size:undefined disposed:false
184 http fetch GET 200 https://registry.npmjs.org/@img%2fsharp-libvips-darwin-arm64 48ms (cache miss)
185 silly packumentCache full:https://registry.npmjs.org/@img%2fsharp-libvips-darwin-arm64 set size:undefined disposed:false
186 http fetch GET 200 https://registry.npmjs.org/@img%2fsharp-libvips-linux-arm64 55ms (cache miss)
187 silly packumentCache full:https://registry.npmjs.org/@img%2fsharp-libvips-linux-arm64 set size:undefined disposed:false
188 http fetch GET 200 https://registry.npmjs.org/@img%2fsharp-libvips-linuxmusl-arm64 49ms (cache miss)
189 silly packumentCache full:https://registry.npmjs.org/@img%2fsharp-libvips-linuxmusl-arm64 set size:undefined disposed:false
190 http fetch GET 200 https://registry.npmjs.org/client-only 41ms (cache miss)
191 silly packumentCache full:https://registry.npmjs.org/client-only set size:undefined disposed:false
192 silly placeDep ROOT @img/colour@1.1.0 OK for: sharp@0.34.5 want: ^1.0.0
193 silly placeDep ROOT @img/sharp-darwin-arm64@0.34.5 OK for: sharp@0.34.5 want: 0.34.5
194 silly placeDep ROOT @img/sharp-darwin-x64@0.34.5 OK for: sharp@0.34.5 want: 0.34.5
195 silly placeDep ROOT @img/sharp-libvips-darwin-arm64@1.2.4 OK for: sharp@0.34.5 want: 1.2.4
196 silly placeDep ROOT @img/sharp-libvips-darwin-x64@1.2.4 OK for: sharp@0.34.5 want: 1.2.4
197 silly placeDep ROOT @img/sharp-libvips-linux-arm@1.2.4 OK for: sharp@0.34.5 want: 1.2.4
198 silly placeDep ROOT @img/sharp-libvips-linux-arm64@1.2.4 OK for: sharp@0.34.5 want: 1.2.4
199 silly placeDep ROOT @img/sharp-libvips-linux-ppc64@1.2.4 OK for: sharp@0.34.5 want: 1.2.4
200 silly placeDep ROOT @img/sharp-libvips-linux-riscv64@1.2.4 OK for: sharp@0.34.5 want: 1.2.4
201 silly placeDep ROOT @img/sharp-libvips-linux-s390x@1.2.4 OK for: sharp@0.34.5 want: 1.2.4
202 silly placeDep ROOT @img/sharp-libvips-linux-x64@1.2.4 OK for: sharp@0.34.5 want: 1.2.4
203 silly placeDep ROOT @img/sharp-libvips-linuxmusl-arm64@1.2.4 OK for: sharp@0.34.5 want: 1.2.4
204 silly placeDep ROOT @img/sharp-libvips-linuxmusl-x64@1.2.4 OK for: sharp@0.34.5 want: 1.2.4
205 silly placeDep ROOT @img/sharp-linux-arm@0.34.5 OK for: sharp@0.34.5 want: 0.34.5
206 silly placeDep ROOT @img/sharp-linux-arm64@0.34.5 OK for: sharp@0.34.5 want: 0.34.5
207 silly placeDep ROOT @img/sharp-linux-ppc64@0.34.5 OK for: sharp@0.34.5 want: 0.34.5
208 silly placeDep ROOT @img/sharp-linux-riscv64@0.34.5 OK for: sharp@0.34.5 want: 0.34.5
209 silly placeDep ROOT @img/sharp-linux-s390x@0.34.5 OK for: sharp@0.34.5 want: 0.34.5
210 silly placeDep ROOT @img/sharp-linux-x64@0.34.5 OK for: sharp@0.34.5 want: 0.34.5
211 silly placeDep ROOT @img/sharp-linuxmusl-arm64@0.34.5 OK for: sharp@0.34.5 want: 0.34.5
212 silly placeDep ROOT @img/sharp-linuxmusl-x64@0.34.5 OK for: sharp@0.34.5 want: 0.34.5
213 silly placeDep ROOT @img/sharp-wasm32@0.34.5 OK for: sharp@0.34.5 want: 0.34.5
214 silly placeDep ROOT @img/sharp-win32-arm64@0.34.5 OK for: sharp@0.34.5 want: 0.34.5
215 silly placeDep ROOT @img/sharp-win32-ia32@0.34.5 OK for: sharp@0.34.5 want: 0.34.5
216 silly placeDep ROOT @img/sharp-win32-x64@0.34.5 OK for: sharp@0.34.5 want: 0.34.5
217 silly placeDep node_modules/sharp semver@7.7.4 OK for: sharp@0.34.5 want: ^7.7.3
218 silly placeDep ROOT client-only@0.0.1 OK for: styled-jsx@5.1.6 want: 0.0.1
219 silly reify mark retired [
219 silly reify   '/Users/vishwampathak/dayflow/node_modules/@ampproject/toolbox-core'
219 silly reify ]
220 silly reify mark retired [
220 silly reify   '/Users/vishwampathak/dayflow/node_modules/@ampproject/toolbox-optimizer'
220 silly reify ]
221 silly reify mark retired [
221 silly reify   '/Users/vishwampathak/dayflow/node_modules/@ampproject/toolbox-runtime-version'
221 silly reify ]
222 silly reify mark retired [
222 silly reify   '/Users/vishwampathak/dayflow/node_modules/@ampproject/toolbox-script-csp'
222 silly reify ]
223 silly reify mark retired [
223 silly reify   '/Users/vishwampathak/dayflow/node_modules/@ampproject/toolbox-validator-rules'
223 silly reify ]
224 silly reify mark retired [
224 silly reify   '/Users/vishwampathak/dayflow/node_modules/@babel/helper-create-regexp-features-plugin'
224 silly reify ]
225 silly reify mark retired [
225 silly reify   '/Users/vishwampathak/dayflow/node_modules/@babel/helper-environment-visitor'
225 silly reify ]
226 silly reify mark retired [
226 silly reify   '/Users/vishwampathak/dayflow/node_modules/@babel/helper-remap-async-to-generator'
226 silly reify ]
227 silly reify mark retired [
227 silly reify   '/Users/vishwampathak/dayflow/node_modules/@babel/helper-simple-access'
227 silly reify ]
228 silly reify mark retired [
228 silly reify   '/Users/vishwampathak/dayflow/node_modules/@babel/helper-wrap-function'
228 silly reify ]
229 silly reify mark retired [
229 silly reify   '/Users/vishwampathak/dayflow/node_modules/@babel/plugin-proposal-async-generator-functions'
229 silly reify ]
230 silly reify mark retired [
230 silly reify   '/Users/vishwampathak/dayflow/node_modules/@babel/plugin-proposal-class-properties'
230 silly reify ]
231 silly reify mark retired [
231 silly reify   '/Users/vishwampathak/dayflow/node_modules/@babel/plugin-proposal-dynamic-import'
231 silly reify ]
232 silly reify mark retired [
232 silly reify   '/Users/vishwampathak/dayflow/node_modules/@babel/plugin-proposal-json-strings'
232 silly reify ]
233 silly reify mark retired [
233 silly reify   '/Users/vishwampathak/dayflow/node_modules/@babel/plugin-proposal-nullish-coalescing-operator'
233 silly reify ]
234 silly reify mark retired [
234 silly reify   '/Users/vishwampathak/dayflow/node_modules/@babel/plugin-proposal-numeric-separator'
234 silly reify ]
235 silly reify mark retired [
235 silly reify   '/Users/vishwampathak/dayflow/node_modules/@babel/plugin-proposal-object-rest-spread'
235 silly reify ]
236 silly reify mark retired [
236 silly reify   '/Users/vishwampathak/dayflow/node_modules/@babel/plugin-proposal-optional-catch-binding'
236 silly reify ]
237 silly reify mark retired [
237 silly reify   '/Users/vishwampathak/dayflow/node_modules/@babel/plugin-proposal-optional-chaining'
237 silly reify ]
238 silly reify mark retired [
238 silly reify   '/Users/vishwampathak/dayflow/node_modules/@babel/plugin-proposal-unicode-property-regex'
238 silly reify ]
239 silly reify mark retired [
239 silly reify   '/Users/vishwampathak/dayflow/node_modules/@babel/plugin-syntax-async-generators'
239 silly reify ]
240 silly reify mark retired [
240 silly reify   '/Users/vishwampathak/dayflow/node_modules/@babel/plugin-syntax-bigint'
240 silly reify ]
241 silly reify mark retired [
241 silly reify   '/Users/vishwampathak/dayflow/node_modules/@babel/plugin-syntax-dynamic-import'
241 silly reify ]
242 silly reify mark retired [
242 silly reify   '/Users/vishwampathak/dayflow/node_modules/@babel/plugin-syntax-json-strings'
242 silly reify ]
243 silly reify mark retired [
243 silly reify   '/Users/vishwampathak/dayflow/node_modules/@babel/plugin-syntax-nullish-coalescing-operator'
243 silly reify ]
244 silly reify mark retired [
244 silly reify   '/Users/vishwampathak/dayflow/node_modules/@babel/plugin-syntax-numeric-separator'
244 silly reify ]
245 silly reify mark retired [
245 silly reify   '/Users/vishwampathak/dayflow/node_modules/@babel/plugin-syntax-object-rest-spread'
245 silly reify ]
246 silly reify mark retired [
246 silly reify   '/Users/vishwampathak/dayflow/node_modules/@babel/plugin-syntax-optional-catch-binding'
246 silly reify ]
247 silly reify mark retired [
247 silly reify   '/Users/vishwampathak/dayflow/node_modules/@babel/plugin-syntax-optional-chaining'
247 silly reify ]
248 silly reify mark retired [
248 silly reify   '/Users/vishwampathak/dayflow/node_modules/@babel/plugin-syntax-top-level-await'
248 silly reify ]
249 silly reify mark retired [
249 silly reify   '/Users/vishwampathak/dayflow/node_modules/@babel/plugin-transform-arrow-functions'
249 silly reify ]
250 silly reify mark retired [
250 silly reify   '/Users/vishwampathak/dayflow/node_modules/@babel/plugin-transform-async-to-generator'
250 silly reify ]
251 silly reify mark retired [
251 silly reify   '/Users/vishwampathak/dayflow/node_modules/@babel/plugin-transform-block-scoped-functions'
251 silly reify ]
252 silly reify mark retired [
252 silly reify   '/Users/vishwampathak/dayflow/node_modules/@babel/plugin-transform-block-scoping'
252 silly reify ]
253 silly reify mark retired [
253 silly reify   '/Users/vishwampathak/dayflow/node_modules/@babel/plugin-transform-classes'
253 silly reify ]
254 silly reify mark retired [
254 silly reify   '/Users/vishwampathak/dayflow/node_modules/@babel/plugin-transform-computed-properties'
254 silly reify ]
255 silly reify mark retired [
255 silly reify   '/Users/vishwampathak/dayflow/node_modules/@babel/plugin-transform-destructuring'
255 silly reify ]
256 silly reify mark retired [
256 silly reify   '/Users/vishwampathak/dayflow/node_modules/@babel/plugin-transform-dotall-regex'
256 silly reify ]
257 silly reify mark retired [
257 silly reify   '/Users/vishwampathak/dayflow/node_modules/@babel/plugin-transform-duplicate-keys'
257 silly reify ]
258 silly reify mark retired [
258 silly reify   '/Users/vishwampathak/dayflow/node_modules/@babel/plugin-transform-exponentiation-operator'
258 silly reify ]
259 silly reify mark retired [
259 silly reify   '/Users/vishwampathak/dayflow/node_modules/@babel/plugin-transform-for-of'
259 silly reify ]
260 silly reify mark retired [
260 silly reify   '/Users/vishwampathak/dayflow/node_modules/@babel/plugin-transform-function-name'
260 silly reify ]
261 silly reify mark retired [
261 silly reify   '/Users/vishwampathak/dayflow/node_modules/@babel/plugin-transform-literals'
261 silly reify ]
262 silly reify mark retired [
262 silly reify   '/Users/vishwampathak/dayflow/node_modules/@babel/plugin-transform-member-expression-literals'
262 silly reify ]
263 silly reify mark retired [
263 silly reify   '/Users/vishwampathak/dayflow/node_modules/@babel/plugin-transform-modules-amd'
263 silly reify ]
264 silly reify mark retired [
264 silly reify   '/Users/vishwampathak/dayflow/node_modules/@babel/plugin-transform-modules-systemjs'
264 silly reify ]
265 silly reify mark retired [
265 silly reify   '/Users/vishwampathak/dayflow/node_modules/@babel/plugin-transform-modules-umd'
265 silly reify ]
266 silly reify mark retired [
266 silly reify   '/Users/vishwampathak/dayflow/node_modules/@babel/plugin-transform-named-capturing-groups-regex'
266 silly reify ]
267 silly reify mark retired [
267 silly reify   '/Users/vishwampathak/dayflow/node_modules/@babel/plugin-transform-new-target'
267 silly reify ]
268 silly reify mark retired [
268 silly reify   '/Users/vishwampathak/dayflow/node_modules/@babel/plugin-transform-object-super'
268 silly reify ]
269 silly reify mark retired [
269 silly reify   '/Users/vishwampathak/dayflow/node_modules/@babel/plugin-transform-parameters'
269 silly reify ]
270 silly reify mark retired [
270 silly reify   '/Users/vishwampathak/dayflow/node_modules/@babel/plugin-transform-property-literals'
270 silly reify ]
271 silly reify mark retired [
271 silly reify   '/Users/vishwampathak/dayflow/node_modules/@babel/plugin-transform-react-display-name'
271 silly reify ]
272 silly reify mark retired [
272 silly reify   '/Users/vishwampathak/dayflow/node_modules/@babel/plugin-transform-react-jsx'
272 silly reify ]
273 silly reify mark retired [
273 silly reify   '/Users/vishwampathak/dayflow/node_modules/@babel/plugin-transform-react-jsx-self'
273 silly reify ]
274 silly reify mark retired [
274 silly reify   '/Users/vishwampathak/dayflow/node_modules/@babel/plugin-transform-react-jsx-source'
274 silly reify ]
275 silly reify mark retired [
275 silly reify   '/Users/vishwampathak/dayflow/node_modules/@babel/plugin-transform-regenerator'
275 silly reify ]
276 silly reify mark retired [
276 silly reify   '/Users/vishwampathak/dayflow/node_modules/@babel/plugin-transform-reserved-words'
276 silly reify ]
277 silly reify mark retired [
277 silly reify   '/Users/vishwampathak/dayflow/node_modules/@babel/plugin-transform-runtime'
277 silly reify ]
278 silly reify mark retired [
278 silly reify   '/Users/vishwampathak/dayflow/node_modules/@babel/plugin-transform-shorthand-properties'
278 silly reify ]
279 silly reify mark retired [
279 silly reify   '/Users/vishwampathak/dayflow/node_modules/@babel/plugin-transform-spread'
279 silly reify ]
280 silly reify mark retired [
280 silly reify   '/Users/vishwampathak/dayflow/node_modules/@babel/plugin-transform-sticky-regex'
280 silly reify ]
281 silly reify mark retired [
281 silly reify   '/Users/vishwampathak/dayflow/node_modules/@babel/plugin-transform-template-literals'
281 silly reify ]
282 silly reify mark retired [
282 silly reify   '/Users/vishwampathak/dayflow/node_modules/@babel/plugin-transform-typeof-symbol'
282 silly reify ]
283 silly reify mark retired [
283 silly reify   '/Users/vishwampathak/dayflow/node_modules/@babel/plugin-transform-unicode-regex'
283 silly reify ]
284 silly reify mark retired [ '/Users/vishwampathak/dayflow/node_modules/@babel/preset-env' ]
285 silly reify mark retired [ '/Users/vishwampathak/dayflow/node_modules/@babel/preset-modules' ]
286 silly reify mark retired [ '/Users/vishwampathak/dayflow/node_modules/@babel/preset-react' ]
287 silly reify mark retired [
287 silly reify   '/Users/vishwampathak/dayflow/node_modules/@csstools/convert-colors'
287 silly reify ]
288 silly reify mark retired [ '/Users/vishwampathak/dayflow/node_modules/@next/polyfill-nomodule' ]
289 silly reify mark retired [ '/Users/vishwampathak/dayflow/node_modules/@webassemblyjs/ast' ]
290 silly reify mark retired [
290 silly reify   '/Users/vishwampathak/dayflow/node_modules/@webassemblyjs/floating-point-hex-parser'
290 silly reify ]
291 silly reify mark retired [
291 silly reify   '/Users/vishwampathak/dayflow/node_modules/@webassemblyjs/helper-api-error'
291 silly reify ]
292 silly reify mark retired [
292 silly reify   '/Users/vishwampathak/dayflow/node_modules/@webassemblyjs/helper-buffer'
292 silly reify ]
293 silly reify mark retired [
293 silly reify   '/Users/vishwampathak/dayflow/node_modules/@webassemblyjs/helper-code-frame'
293 silly reify ]
294 silly reify mark retired [
294 silly reify   '/Users/vishwampathak/dayflow/node_modules/@webassemblyjs/helper-fsm'
294 silly reify ]
295 silly reify mark retired [
295 silly reify   '/Users/vishwampathak/dayflow/node_modules/@webassemblyjs/helper-module-context'
295 silly reify ]
296 silly reify mark retired [
296 silly reify   '/Users/vishwampathak/dayflow/node_modules/@webassemblyjs/helper-wasm-bytecode'
296 silly reify ]
297 silly reify mark retired [
297 silly reify   '/Users/vishwampathak/dayflow/node_modules/@webassemblyjs/helper-wasm-section'
297 silly reify ]
298 silly reify mark retired [ '/Users/vishwampathak/dayflow/node_modules/@webassemblyjs/ieee754' ]
299 silly reify mark retired [ '/Users/vishwampathak/dayflow/node_modules/@webassemblyjs/leb128' ]
300 silly reify mark retired [ '/Users/vishwampathak/dayflow/node_modules/@webassemblyjs/utf8' ]
301 silly reify mark retired [
301 silly reify   '/Users/vishwampathak/dayflow/node_modules/@webassemblyjs/wasm-edit'
301 silly reify ]
302 silly reify mark retired [ '/Users/vishwampathak/dayflow/node_modules/@webassemblyjs/wasm-gen' ]
303 silly reify mark retired [ '/Users/vishwampathak/dayflow/node_modules/@webassemblyjs/wasm-opt' ]
304 silly reify mark retired [
304 silly reify   '/Users/vishwampathak/dayflow/node_modules/@webassemblyjs/wasm-parser'
304 silly reify ]
305 silly reify mark retired [
305 silly reify   '/Users/vishwampathak/dayflow/node_modules/@webassemblyjs/wast-parser'
305 silly reify ]
306 silly reify mark retired [
306 silly reify   '/Users/vishwampathak/dayflow/node_modules/@webassemblyjs/wast-printer'
306 silly reify ]
307 silly reify mark retired [ '/Users/vishwampathak/dayflow/node_modules/@xtuc/ieee754' ]
308 silly reify mark retired [ '/Users/vishwampathak/dayflow/node_modules/@xtuc/long' ]
309 silly reify mark retired [ '/Users/vishwampathak/dayflow/node_modules/adjust-sourcemap-loader' ]
310 silly reify mark retired [ '/Users/vishwampathak/dayflow/node_modules/ajv-errors' ]
311 silly reify mark retired [ '/Users/vishwampathak/dayflow/node_modules/ajv-keywords' ]
312 silly reify mark retired [
312 silly reify   '/Users/vishwampathak/dayflow/node_modules/amphtml-validator',
312 silly reify   '/Users/vishwampathak/dayflow/node_modules/.bin/amphtml-validator'
312 silly reify ]
313 silly reify mark retired [ '/Users/vishwampathak/dayflow/node_modules/ansi-colors' ]
314 silly reify mark retired [
314 silly reify   '/Users/vishwampathak/dayflow/node_modules/ansi-html',
314 silly reify   '/Users/vishwampathak/dayflow/node_modules/.bin/ansi-html'
314 silly reify ]
315 silly reify mark retired [ '/Users/vishwampathak/dayflow/node_modules/anymatch' ]
316 silly reify mark retired [ '/Users/vishwampathak/dayflow/node_modules/aproba' ]
317 silly reify mark retired [ '/Users/vishwampathak/dayflow/node_modules/arity-n' ]
318 silly reify mark retired [ '/Users/vishwampathak/dayflow/node_modules/arr-diff' ]
319 silly reify mark retired [ '/Users/vishwampathak/dayflow/node_modules/arr-flatten' ]
320 silly reify mark retired [ '/Users/vishwampathak/dayflow/node_modules/arr-union' ]
321 silly reify mark retired [ '/Users/vishwampathak/dayflow/node_modules/array-union' ]
322 silly reify mark retired [ '/Users/vishwampathak/dayflow/node_modules/array-uniq' ]
323 silly reify mark retired [ '/Users/vishwampathak/dayflow/node_modules/array-unique' ]
324 silly reify mark retired [ '/Users/vishwampathak/dayflow/node_modules/asap' ]
325 silly reify mark retired [ '/Users/vishwampathak/dayflow/node_modules/asn1.js' ]
326 silly reify mark retired [ '/Users/vishwampathak/dayflow/node_modules/assert' ]
327 silly reify mark retired [ '/Users/vishwampathak/dayflow/node_modules/assign-symbols' ]
328 silly reify mark retired [ '/Users/vishwampathak/dayflow/node_modules/async-each' ]
329 silly reify mark retired [ '/Users/vishwampathak/dayflow/node_modules/async-retry' ]
330 silly reify mark retired [ '/Users/vishwampathak/dayflow/node_modules/async-sema' ]
331 silly reify mark retired [
331 silly reify   '/Users/vishwampathak/dayflow/node_modules/atob',
331 silly reify   '/Users/vishwampathak/dayflow/node_modules/.bin/atob'
331 silly reify ]
332 silly reify mark retired [ '/Users/vishwampathak/dayflow/node_modules/autodll-webpack-plugin' ]
333 silly reify mark retired [
333 silly reify   '/Users/vishwampathak/dayflow/node_modules/autoprefixer',
333 silly reify   '/Users/vishwampathak/dayflow/node_modules/.bin/autoprefixer'
333 silly reify ]
334 silly reify mark retired [ '/Users/vishwampathak/dayflow/node_modules/babel-code-frame' ]
335 silly reify mark retired [ '/Users/vishwampathak/dayflow/node_modules/babel-core' ]
336 silly reify mark retired [ '/Users/vishwampathak/dayflow/node_modules/babel-loader' ]
337 silly reify mark retired [
337 silly reify   '/Users/vishwampathak/dayflow/node_modules/babel-plugin-dynamic-import-node'
337 silly reify ]
338 silly reify mark retired [ '/Users/vishwampathak/dayflow/node_modules/babel-plugin-syntax-jsx' ]
339 silly reify mark retired [
339 silly reify   '/Users/vishwampathak/dayflow/node_modules/babel-plugin-transform-define'
339 silly reify ]
340 silly reify mark retired [
340 silly reify   '/Users/vishwampathak/dayflow/node_modules/babel-plugin-transform-react-remove-prop-types'
340 silly reify ]
341 silly reify mark retired [ '/Users/vishwampathak/dayflow/node_modules/base' ]
342 silly reify mark retired [ '/Users/vishwampathak/dayflow/node_modules/base64-js' ]
343 silly reify mark retired [ '/Users/vishwampathak/dayflow/node_modules/big.js' ]
344 silly reify mark retired [ '/Users/vishwampathak/dayflow/node_modules/binary-extensions' ]
345 silly reify mark retired [ '/Users/vishwampathak/dayflow/node_modules/bindings' ]
346 silly reify mark retired [ '/Users/vishwampathak/dayflow/node_modules/bluebird' ]
347 silly reify mark retired [ '/Users/vishwampathak/dayflow/node_modules/bn.js' ]
348 silly reify mark retired [ '/Users/vishwampathak/dayflow/node_modules/brorand' ]
349 silly reify mark retired [ '/Users/vishwampathak/dayflow/node_modules/browserify-aes' ]
350 silly reify mark retired [ '/Users/vishwampathak/dayflow/node_modules/browserify-cipher' ]
351 silly reify mark retired [ '/Users/vishwampathak/dayflow/node_modules/browserify-des' ]
352 silly reify mark retired [ '/Users/vishwampathak/dayflow/node_modules/browserify-rsa' ]
353 silly reify mark retired [ '/Users/vishwampathak/dayflow/node_modules/browserify-sign' ]
354 silly reify mark retired [ '/Users/vishwampathak/dayflow/node_modules/browserify-zlib' ]
355 silly reify mark retired [ '/Users/vishwampathak/dayflow/node_modules/buffer' ]
356 silly reify mark retired [
356 silly reify   '/Users/vishwampathak/dayflow/node_modules/buffer-equal-constant-time'
356 silly reify ]
357 silly reify mark retired [ '/Users/vishwampathak/dayflow/node_modules/buffer-from' ]
358 silly reify mark retired [ '/Users/vishwampathak/dayflow/node_modules/buffer-json' ]
359 silly reify mark retired [ '/Users/vishwampathak/dayflow/node_modules/buffer-xor' ]
360 silly reify mark retired [ '/Users/vishwampathak/dayflow/node_modules/builtin-status-codes' ]
361 silly reify mark retired [ '/Users/vishwampathak/dayflow/node_modules/cacache' ]
362 silly reify mark retired [ '/Users/vishwampathak/dayflow/node_modules/cache-base' ]
363 silly reify mark retired [ '/Users/vishwampathak/dayflow/node_modules/cache-loader' ]
364 silly reify mark retired [ '/Users/vishwampathak/dayflow/node_modules/caller-callsite' ]
365 silly reify mark retired [ '/Users/vishwampathak/dayflow/node_modules/caller-path' ]
366 silly reify mark retired [ '/Users/vishwampathak/dayflow/node_modules/camelcase' ]
367 silly reify mark retired [ '/Users/vishwampathak/dayflow/node_modules/chokidar' ]
368 silly reify mark retired [ '/Users/vishwampathak/dayflow/node_modules/chownr' ]
369 silly reify mark retired [ '/Users/vishwampathak/dayflow/node_modules/chrome-trace-event' ]
370 silly reify mark retired [ '/Users/vishwampathak/dayflow/node_modules/ci-info' ]
371 silly reify mark retired [ '/Users/vishwampathak/dayflow/node_modules/cipher-base' ]
372 silly reify mark retired [ '/Users/vishwampathak/dayflow/node_modules/class-utils' ]
373 silly reify mark retired [ '/Users/vishwampathak/dayflow/node_modules/clone' ]
374 silly reify mark retired [ '/Users/vishwampathak/dayflow/node_modules/clone-deep' ]
375 silly reify mark retired [ '/Users/vishwampathak/dayflow/node_modules/collection-visit' ]
376 silly reify mark retired [ '/Users/vishwampathak/dayflow/node_modules/colors' ]
377 silly reify mark retired [ '/Users/vishwampathak/dayflow/node_modules/commondir' ]
378 silly reify mark retired [ '/Users/vishwampathak/dayflow/node_modules/component-emitter' ]
379 silly reify mark retired [ '/Users/vishwampathak/dayflow/node_modules/compose-function' ]
380 silly reify mark retired [ '/Users/vishwampathak/dayflow/node_modules/compressible' ]
381 silly reify mark retired [ '/Users/vishwampathak/dayflow/node_modules/compression' ]
382 silly reify mark retired [ '/Users/vishwampathak/dayflow/node_modules/concat-stream' ]
383 silly reify mark retired [ '/Users/vishwampathak/dayflow/node_modules/conf' ]
384 silly reify mark retired [ '/Users/vishwampathak/dayflow/node_modules/console-browserify' ]
385 silly reify mark retired [ '/Users/vishwampathak/dayflow/node_modules/constants-browserify' ]
386 silly reify mark retired [ '/Users/vishwampathak/dayflow/node_modules/copy-concurrently' ]
387 silly reify mark retired [ '/Users/vishwampathak/dayflow/node_modules/copy-descriptor' ]
388 silly reify mark retired [ '/Users/vishwampathak/dayflow/node_modules/core-js-compat' ]
389 silly reify mark retired [ '/Users/vishwampathak/dayflow/node_modules/core-util-is' ]
390 silly reify mark retired [ '/Users/vishwampathak/dayflow/node_modules/create-ecdh' ]
391 silly reify mark retired [ '/Users/vishwampathak/dayflow/node_modules/create-hash' ]
392 silly reify mark retired [ '/Users/vishwampathak/dayflow/node_modules/create-hmac' ]
393 silly reify mark retired [ '/Users/vishwampathak/dayflow/node_modules/cross-fetch' ]
394 silly reify mark retired [ '/Users/vishwampathak/dayflow/node_modules/crypto-browserify' ]
395 silly reify mark retired [ '/Users/vishwampathak/dayflow/node_modules/css' ]
396 silly reify mark retired [
396 silly reify   '/Users/vishwampathak/dayflow/node_modules/css-blank-pseudo',
396 silly reify   '/Users/vishwampathak/dayflow/node_modules/.bin/css-blank-pseudo'
396 silly reify ]
397 silly reify mark retired [
397 silly reify   '/Users/vishwampathak/dayflow/node_modules/css-has-pseudo',
397 silly reify   '/Users/vishwampathak/dayflow/node_modules/.bin/css-has-pseudo'
397 silly reify ]
398 silly reify mark retired [ '/Users/vishwampathak/dayflow/node_modules/css-loader' ]
399 silly reify mark retired [
399 silly reify   '/Users/vishwampathak/dayflow/node_modules/css-prefers-color-scheme',
399 silly reify   '/Users/vishwampathak/dayflow/node_modules/.bin/css-prefers-color-scheme'
399 silly reify ]
400 silly reify mark retired [ '/Users/vishwampathak/dayflow/node_modules/cssdb' ]
401 silly reify mark retired [ '/Users/vishwampathak/dayflow/node_modules/cssnano-preset-simple' ]
402 silly reify mark retired [ '/Users/vishwampathak/dayflow/node_modules/cssnano-simple' ]
403 silly reify mark retired [ '/Users/vishwampathak/dayflow/node_modules/cyclist' ]
404 silly reify mark retired [ '/Users/vishwampathak/dayflow/node_modules/d' ]
405 silly reify mark retired [ '/Users/vishwampathak/dayflow/node_modules/decode-uri-component' ]
406 silly reify mark retired [ '/Users/vishwampathak/dayflow/node_modules/defaults' ]
407 silly reify mark retired [ '/Users/vishwampathak/dayflow/node_modules/define-property' ]
408 silly reify mark retired [ '/Users/vishwampathak/dayflow/node_modules/del' ]
409 silly reify mark retired [ '/Users/vishwampathak/dayflow/node_modules/des.js' ]
410 silly reify mark retired [ '/Users/vishwampathak/dayflow/node_modules/destroy' ]
411 silly reify mark retired [ '/Users/vishwampathak/dayflow/node_modules/devalue' ]
412 silly reify mark retired [ '/Users/vishwampathak/dayflow/node_modules/diffie-hellman' ]
413 silly reify mark retired [ '/Users/vishwampathak/dayflow/node_modules/dom-serializer' ]
414 silly reify mark retired [ '/Users/vishwampathak/dayflow/node_modules/domain-browser' ]
415 silly reify mark retired [ '/Users/vishwampathak/dayflow/node_modules/domelementtype' ]
416 silly reify mark retired [ '/Users/vishwampathak/dayflow/node_modules/domhandler' ]
417 silly reify mark retired [ '/Users/vishwampathak/dayflow/node_modules/domutils' ]
418 silly reify mark retired [ '/Users/vishwampathak/dayflow/node_modules/dot-prop' ]
419 silly reify mark retired [ '/Users/vishwampathak/dayflow/node_modules/duplexer' ]
420 silly reify mark retired [ '/Users/vishwampathak/dayflow/node_modules/duplexify' ]
421 silly reify mark retired [ '/Users/vishwampathak/dayflow/node_modules/ecdsa-sig-formatter' ]
422 silly reify mark retired [ '/Users/vishwampathak/dayflow/node_modules/elliptic' ]
423 silly reify mark retired [ '/Users/vishwampathak/dayflow/node_modules/emojis-list' ]
424 silly reify mark retired [ '/Users/vishwampathak/dayflow/node_modules/end-of-stream' ]
425 silly reify mark retired [ '/Users/vishwampathak/dayflow/node_modules/entities' ]
426 silly reify mark retired [
426 silly reify   '/Users/vishwampathak/dayflow/node_modules/errno',
426 silly reify   '/Users/vishwampathak/dayflow/node_modules/.bin/errno'
426 silly reify ]
427 silly reify mark retired [ '/Users/vishwampathak/dayflow/node_modules/es5-ext' ]
428 silly reify mark retired [ '/Users/vishwampathak/dayflow/node_modules/es6-iterator' ]
429 silly reify mark retired [ '/Users/vishwampathak/dayflow/node_modules/es6-symbol' ]
430 silly reify mark retired [ '/Users/vishwampathak/dayflow/node_modules/esniff' ]
431 silly reify mark retired [ '/Users/vishwampathak/dayflow/node_modules/event-emitter' ]
432 silly reify mark retired [ '/Users/vishwampathak/dayflow/node_modules/eventemitter3' ]
433 silly reify mark retired [ '/Users/vishwampathak/dayflow/node_modules/events' ]
434 silly reify mark retired [ '/Users/vishwampathak/dayflow/node_modules/evp_bytestokey' ]
435 silly reify mark retired [ '/Users/vishwampathak/dayflow/node_modules/expand-brackets' ]
436 silly reify mark retired [ '/Users/vishwampathak/dayflow/node_modules/ext' ]
437 silly reify mark retired [ '/Users/vishwampathak/dayflow/node_modules/extend-shallow' ]
438 silly reify mark retired [ '/Users/vishwampathak/dayflow/node_modules/extglob' ]
439 silly reify mark retired [ '/Users/vishwampathak/dayflow/node_modules/figgy-pudding' ]
440 silly reify mark retired [ '/Users/vishwampathak/dayflow/node_modules/file-loader' ]
441 silly reify mark retired [ '/Users/vishwampathak/dayflow/node_modules/file-uri-to-path' ]
442 silly reify mark retired [ '/Users/vishwampathak/dayflow/node_modules/finally-polyfill' ]
443 silly reify mark retired [ '/Users/vishwampathak/dayflow/node_modules/find-cache-dir' ]
444 silly reify mark retired [ '/Users/vishwampathak/dayflow/node_modules/flatten' ]
445 silly reify mark retired [ '/Users/vishwampathak/dayflow/node_modules/flush-write-stream' ]
446 silly reify mark retired [ '/Users/vishwampathak/dayflow/node_modules/follow-redirects' ]
447 silly reify mark retired [ '/Users/vishwampathak/dayflow/node_modules/for-in' ]
448 silly reify mark retired [
448 silly reify   '/Users/vishwampathak/dayflow/node_modules/fork-ts-checker-webpack-plugin'
448 silly reify ]
449 silly reify mark retired [ '/Users/vishwampathak/dayflow/node_modules/fragment-cache' ]
450 silly reify mark retired [ '/Users/vishwampathak/dayflow/node_modules/from2' ]
451 silly reify mark retired [ '/Users/vishwampathak/dayflow/node_modules/fs-write-stream-atomic' ]
452 silly reify mark retired [ '/Users/vishwampathak/dayflow/node_modules/fs.realpath' ]
453 silly reify mark retired [ '/Users/vishwampathak/dayflow/node_modules/fsevents' ]
454 silly reify mark retired [ '/Users/vishwampathak/dayflow/node_modules/get-value' ]
455 silly reify mark retired [ '/Users/vishwampathak/dayflow/node_modules/glob' ]
456 silly reify mark retired [ '/Users/vishwampathak/dayflow/node_modules/glob-to-regexp' ]
457 silly reify mark retired [ '/Users/vishwampathak/dayflow/node_modules/globby' ]
458 silly reify mark retired [ '/Users/vishwampathak/dayflow/node_modules/gzip-size' ]
459 silly reify mark retired [ '/Users/vishwampathak/dayflow/node_modules/has' ]
460 silly reify mark retired [ '/Users/vishwampathak/dayflow/node_modules/has-ansi' ]
461 silly reify mark retired [ '/Users/vishwampathak/dayflow/node_modules/has-value' ]
462 silly reify mark retired [ '/Users/vishwampathak/dayflow/node_modules/has-values' ]
463 silly reify mark retired [ '/Users/vishwampathak/dayflow/node_modules/hash-base' ]
464 silly reify mark retired [ '/Users/vishwampathak/dayflow/node_modules/hash.js' ]
465 silly reify mark retired [ '/Users/vishwampathak/dayflow/node_modules/hmac-drbg' ]
466 silly reify mark retired [ '/Users/vishwampathak/dayflow/node_modules/hosted-git-info' ]
467 silly reify mark retired [ '/Users/vishwampathak/dayflow/node_modules/html-entities' ]
468 silly reify mark retired [ '/Users/vishwampathak/dayflow/node_modules/htmlparser2' ]
469 silly reify mark retired [ '/Users/vishwampathak/dayflow/node_modules/http-proxy' ]
470 silly reify mark retired [ '/Users/vishwampathak/dayflow/node_modules/https-browserify' ]
471 silly reify mark retired [ '/Users/vishwampathak/dayflow/node_modules/icss-utils' ]
472 silly reify mark retired [ '/Users/vishwampathak/dayflow/node_modules/ieee754' ]
473 silly reify mark retired [ '/Users/vishwampathak/dayflow/node_modules/iferr' ]
474 silly reify mark retired [ '/Users/vishwampathak/dayflow/node_modules/ignore-loader' ]
475 silly reify mark retired [ '/Users/vishwampathak/dayflow/node_modules/import-cwd' ]
476 silly reify mark retired [ '/Users/vishwampathak/dayflow/node_modules/import-from' ]
477 silly reify mark retired [ '/Users/vishwampathak/dayflow/node_modules/indexes-of' ]
478 silly reify mark retired [ '/Users/vishwampathak/dayflow/node_modules/infer-owner' ]
479 silly reify mark retired [ '/Users/vishwampathak/dayflow/node_modules/inflight' ]
480 silly reify mark retired [ '/Users/vishwampathak/dayflow/node_modules/invariant' ]
481 silly reify mark retired [ '/Users/vishwampathak/dayflow/node_modules/is-accessor-descriptor' ]
482 silly reify mark retired [ '/Users/vishwampathak/dayflow/node_modules/is-binary-path' ]
483 silly reify mark retired [ '/Users/vishwampathak/dayflow/node_modules/is-buffer' ]
484 silly reify mark retired [ '/Users/vishwampathak/dayflow/node_modules/is-data-descriptor' ]
485 silly reify mark retired [ '/Users/vishwampathak/dayflow/node_modules/is-descriptor' ]
486 silly reify mark retired [ '/Users/vishwampathak/dayflow/node_modules/is-directory' ]
487 silly reify mark retired [ '/Users/vishwampathak/dayflow/node_modules/is-extendable' ]
488 silly reify mark retired [ '/Users/vishwampathak/dayflow/node_modules/is-path-cwd' ]
489 silly reify mark retired [ '/Users/vishwampathak/dayflow/node_modules/is-path-in-cwd' ]
490 silly reify mark retired [ '/Users/vishwampathak/dayflow/node_modules/is-path-inside' ]
491 silly reify mark retired [ '/Users/vishwampathak/dayflow/node_modules/is-plain-object' ]
492 silly reify mark retired [ '/Users/vishwampathak/dayflow/node_modules/is-typedarray' ]
493 silly reify mark retired [ '/Users/vishwampathak/dayflow/node_modules/is-windows' ]
494 silly reify mark retired [ '/Users/vishwampathak/dayflow/node_modules/isobject' ]
495 silly reify mark retired [ '/Users/vishwampathak/dayflow/node_modules/jest-worker' ]
496 silly reify mark retired [ '/Users/vishwampathak/dayflow/node_modules/js-levenshtein' ]
497 silly reify mark retired [
497 silly reify   '/Users/vishwampathak/dayflow/node_modules/json-parse-better-errors'
497 silly reify ]
498 silly reify mark retired [ '/Users/vishwampathak/dayflow/node_modules/jsonwebtoken' ]
499 silly reify mark retired [ '/Users/vishwampathak/dayflow/node_modules/jwa' ]
500 silly reify mark retired [ '/Users/vishwampathak/dayflow/node_modules/jws' ]
501 silly reify mark retired [ '/Users/vishwampathak/dayflow/node_modules/kind-of' ]
502 silly reify mark retired [ '/Users/vishwampathak/dayflow/node_modules/launch-editor' ]
503 silly reify mark retired [ '/Users/vishwampathak/dayflow/node_modules/load-json-file' ]
504 silly reify mark retired [ '/Users/vishwampathak/dayflow/node_modules/loader-runner' ]
505 silly reify mark retired [ '/Users/vishwampathak/dayflow/node_modules/loader-utils' ]
506 silly reify mark retired [ '/Users/vishwampathak/dayflow/node_modules/lodash' ]
507 silly reify mark retired [ '/Users/vishwampathak/dayflow/node_modules/lodash.curry' ]
508 silly reify mark retired [ '/Users/vishwampathak/dayflow/node_modules/lodash.includes' ]
509 silly reify mark retired [ '/Users/vishwampathak/dayflow/node_modules/lodash.isboolean' ]
510 silly reify mark retired [ '/Users/vishwampathak/dayflow/node_modules/lodash.isinteger' ]
511 silly reify mark retired [ '/Users/vishwampathak/dayflow/node_modules/lodash.isnumber' ]
512 silly reify mark retired [ '/Users/vishwampathak/dayflow/node_modules/lodash.isplainobject' ]
513 silly reify mark retired [ '/Users/vishwampathak/dayflow/node_modules/lodash.isstring' ]
514 silly reify mark retired [ '/Users/vishwampathak/dayflow/node_modules/lodash.once' ]
515 silly reify mark retired [ '/Users/vishwampathak/dayflow/node_modules/make-dir' ]
516 silly reify mark retired [ '/Users/vishwampathak/dayflow/node_modules/mamacro' ]
517 silly reify mark retired [ '/Users/vishwampathak/dayflow/node_modules/map-cache' ]
518 silly reify mark retired [ '/Users/vishwampathak/dayflow/node_modules/map-visit' ]
519 silly reify mark retired [ '/Users/vishwampathak/dayflow/node_modules/md5.js' ]
520 silly reify mark retired [ '/Users/vishwampathak/dayflow/node_modules/memory-fs' ]
521 silly reify mark retired [ '/Users/vishwampathak/dayflow/node_modules/microevent.ts' ]
522 silly reify mark retired [
522 silly reify   '/Users/vishwampathak/dayflow/node_modules/miller-rabin',
522 silly reify   '/Users/vishwampathak/dayflow/node_modules/.bin/miller-rabin'
522 silly reify ]
523 silly reify mark retired [
523 silly reify   '/Users/vishwampathak/dayflow/node_modules/mime',
523 silly reify   '/Users/vishwampathak/dayflow/node_modules/.bin/mime'
523 silly reify ]
524 silly reify mark retired [ '/Users/vishwampathak/dayflow/node_modules/mini-css-extract-plugin' ]
525 silly reify mark retired [ '/Users/vishwampathak/dayflow/node_modules/minimalistic-assert' ]
526 silly reify mark retired [
526 silly reify   '/Users/vishwampathak/dayflow/node_modules/minimalistic-crypto-utils'
526 silly reify ]
527 silly reify mark retired [ '/Users/vishwampathak/dayflow/node_modules/mississippi' ]
528 silly reify mark retired [ '/Users/vishwampathak/dayflow/node_modules/mixin-deep' ]
529 silly reify mark retired [
529 silly reify   '/Users/vishwampathak/dayflow/node_modules/mkdirp',
529 silly reify   '/Users/vishwampathak/dayflow/node_modules/.bin/mkdirp'
529 silly reify ]
530 silly reify mark retired [ '/Users/vishwampathak/dayflow/node_modules/move-concurrently' ]
531 silly reify mark retired [ '/Users/vishwampathak/dayflow/node_modules/nan' ]
532 silly reify mark retired [ '/Users/vishwampathak/dayflow/node_modules/nanomatch' ]
533 silly reify mark retired [ '/Users/vishwampathak/dayflow/node_modules/native-url' ]
534 silly reify mark retired [ '/Users/vishwampathak/dayflow/node_modules/neo-async' ]
535 silly reify mark retired [
535 silly reify   '/Users/vishwampathak/dayflow/node_modules/next',
535 silly reify   '/Users/vishwampathak/dayflow/node_modules/.bin/next'
535 silly reify ]
536 silly reify mark retired [ '/Users/vishwampathak/dayflow/node_modules/next-tick' ]
537 silly reify mark retired [ '/Users/vishwampathak/dayflow/node_modules/node-libs-browser' ]
538 silly reify mark retired [
538 silly reify   '/Users/vishwampathak/dayflow/node_modules/normalize-html-whitespace'
538 silly reify ]
539 silly reify mark retired [ '/Users/vishwampathak/dayflow/node_modules/normalize-package-data' ]
540 silly reify mark retired [ '/Users/vishwampathak/dayflow/node_modules/normalize-path' ]
541 silly reify mark retired [ '/Users/vishwampathak/dayflow/node_modules/normalize-range' ]
542 silly reify mark retired [ '/Users/vishwampathak/dayflow/node_modules/normalize-url' ]
543 silly reify mark retired [ '/Users/vishwampathak/dayflow/node_modules/num2fraction' ]
544 silly reify mark retired [ '/Users/vishwampathak/dayflow/node_modules/object-copy' ]
545 silly reify mark retired [ '/Users/vishwampathak/dayflow/node_modules/object-path' ]
546 silly reify mark retired [ '/Users/vishwampathak/dayflow/node_modules/object-visit' ]
547 silly reify mark retired [ '/Users/vishwampathak/dayflow/node_modules/object.pick' ]
548 silly reify mark retired [ '/Users/vishwampathak/dayflow/node_modules/on-headers' ]
549 silly reify mark retired [ '/Users/vishwampathak/dayflow/node_modules/os-browserify' ]
550 silly reify mark retired [ '/Users/vishwampathak/dayflow/node_modules/p-map' ]
551 silly reify mark retired [ '/Users/vishwampathak/dayflow/node_modules/p-try' ]
552 silly reify mark retired [ '/Users/vishwampathak/dayflow/node_modules/pako' ]
553 silly reify mark retired [ '/Users/vishwampathak/dayflow/node_modules/parallel-transform' ]
554 silly reify mark retired [ '/Users/vishwampathak/dayflow/node_modules/parse-asn1' ]
555 silly reify mark retired [ '/Users/vishwampathak/dayflow/node_modules/pascalcase' ]
556 silly reify mark retired [ '/Users/vishwampathak/dayflow/node_modules/path-dirname' ]
557 silly reify mark retired [ '/Users/vishwampathak/dayflow/node_modules/path-is-absolute' ]
558 silly reify mark retired [ '/Users/vishwampathak/dayflow/node_modules/path-is-inside' ]
559 silly reify mark retired [ '/Users/vishwampathak/dayflow/node_modules/path-type' ]
560 silly reify mark retired [ '/Users/vishwampathak/dayflow/node_modules/pbkdf2' ]
561 silly reify mark retired [ '/Users/vishwampathak/dayflow/node_modules/pify' ]
562 silly reify mark retired [ '/Users/vishwampathak/dayflow/node_modules/pinkie' ]
563 silly reify mark retired [ '/Users/vishwampathak/dayflow/node_modules/pinkie-promise' ]
564 silly reify mark retired [ '/Users/vishwampathak/dayflow/node_modules/pkg-dir' ]
565 silly reify mark retired [ '/Users/vishwampathak/dayflow/node_modules/pkg-up' ]
566 silly reify mark retired [ '/Users/vishwampathak/dayflow/node_modules/pnp-webpack-plugin' ]
567 silly reify mark retired [ '/Users/vishwampathak/dayflow/node_modules/posix-character-classes' ]
568 silly reify mark retired [
568 silly reify   '/Users/vishwampathak/dayflow/node_modules/postcss-attribute-case-insensitive'
568 silly reify ]
569 silly reify mark retired [
569 silly reify   '/Users/vishwampathak/dayflow/node_modules/postcss-color-functional-notation'
569 silly reify ]
570 silly reify mark retired [ '/Users/vishwampathak/dayflow/node_modules/postcss-color-gray' ]
571 silly reify mark retired [ '/Users/vishwampathak/dayflow/node_modules/postcss-color-hex-alpha' ]
572 silly reify mark retired [
572 silly reify   '/Users/vishwampathak/dayflow/node_modules/postcss-color-mod-function'
572 silly reify ]
573 silly reify mark retired [
573 silly reify   '/Users/vishwampathak/dayflow/node_modules/postcss-color-rebeccapurple'
573 silly reify ]
574 silly reify mark retired [ '/Users/vishwampathak/dayflow/node_modules/postcss-custom-media' ]
575 silly reify mark retired [
575 silly reify   '/Users/vishwampathak/dayflow/node_modules/postcss-custom-properties'
575 silly reify ]
576 silly reify mark retired [
576 silly reify   '/Users/vishwampathak/dayflow/node_modules/postcss-custom-selectors'
576 silly reify ]
577 silly reify mark retired [
577 silly reify   '/Users/vishwampathak/dayflow/node_modules/postcss-dir-pseudo-class'
577 silly reify ]
578 silly reify mark retired [
578 silly reify   '/Users/vishwampathak/dayflow/node_modules/postcss-double-position-gradients'
578 silly reify ]
579 silly reify mark retired [ '/Users/vishwampathak/dayflow/node_modules/postcss-env-function' ]
580 silly reify mark retired [ '/Users/vishwampathak/dayflow/node_modules/postcss-flexbugs-fixes' ]
581 silly reify mark retired [ '/Users/vishwampathak/dayflow/node_modules/postcss-focus-visible' ]
582 silly reify mark retired [ '/Users/vishwampathak/dayflow/node_modules/postcss-focus-within' ]
583 silly reify mark retired [ '/Users/vishwampathak/dayflow/node_modules/postcss-font-variant' ]
584 silly reify mark retired [ '/Users/vishwampathak/dayflow/node_modules/postcss-gap-properties' ]
585 silly reify mark retired [
585 silly reify   '/Users/vishwampathak/dayflow/node_modules/postcss-image-set-function'
585 silly reify ]
586 silly reify mark retired [ '/Users/vishwampathak/dayflow/node_modules/postcss-initial' ]
587 silly reify mark retired [ '/Users/vishwampathak/dayflow/node_modules/postcss-lab-function' ]
588 silly reify mark retired [ '/Users/vishwampathak/dayflow/node_modules/postcss-load-config' ]
589 silly reify mark retired [ '/Users/vishwampathak/dayflow/node_modules/postcss-loader' ]
590 silly reify mark retired [ '/Users/vishwampathak/dayflow/node_modules/postcss-logical' ]
591 silly reify mark retired [ '/Users/vishwampathak/dayflow/node_modules/postcss-media-minmax' ]
592 silly reify mark retired [
592 silly reify   '/Users/vishwampathak/dayflow/node_modules/postcss-modules-extract-imports'
592 silly reify ]
593 silly reify mark retired [
593 silly reify   '/Users/vishwampathak/dayflow/node_modules/postcss-modules-local-by-default'
593 silly reify ]
594 silly reify mark retired [ '/Users/vishwampathak/dayflow/node_modules/postcss-modules-scope' ]
595 silly reify mark retired [ '/Users/vishwampathak/dayflow/node_modules/postcss-modules-values' ]
596 silly reify mark retired [ '/Users/vishwampathak/dayflow/node_modules/postcss-nesting' ]
597 silly reify mark retired [
597 silly reify   '/Users/vishwampathak/dayflow/node_modules/postcss-overflow-shorthand'
597 silly reify ]
598 silly reify mark retired [ '/Users/vishwampathak/dayflow/node_modules/postcss-page-break' ]
599 silly reify mark retired [ '/Users/vishwampathak/dayflow/node_modules/postcss-place' ]
600 silly reify mark retired [ '/Users/vishwampathak/dayflow/node_modules/postcss-preset-env' ]
601 silly reify mark retired [
601 silly reify   '/Users/vishwampathak/dayflow/node_modules/postcss-pseudo-class-any-link'
601 silly reify ]
602 silly reify mark retired [
602 silly reify   '/Users/vishwampathak/dayflow/node_modules/postcss-replace-overflow-wrap'
602 silly reify ]
603 silly reify mark retired [
603 silly reify   '/Users/vishwampathak/dayflow/node_modules/postcss-selector-matches'
603 silly reify ]
604 silly reify mark retired [ '/Users/vishwampathak/dayflow/node_modules/postcss-selector-not' ]
605 silly reify mark retired [ '/Users/vishwampathak/dayflow/node_modules/postcss-value-parser' ]
606 silly reify mark retired [ '/Users/vishwampathak/dayflow/node_modules/postcss-values-parser' ]
607 silly reify mark retired [ '/Users/vishwampathak/dayflow/node_modules/prepend-http' ]
608 silly reify mark retired [ '/Users/vishwampathak/dayflow/node_modules/private' ]
609 silly reify mark retired [ '/Users/vishwampathak/dayflow/node_modules/process' ]
610 silly reify mark retired [ '/Users/vishwampathak/dayflow/node_modules/process-nextick-args' ]
611 silly reify mark retired [ '/Users/vishwampathak/dayflow/node_modules/promise' ]
612 silly reify mark retired [ '/Users/vishwampathak/dayflow/node_modules/promise-inflight' ]
613 silly reify mark retired [ '/Users/vishwampathak/dayflow/node_modules/prop-types-exact' ]
614 silly reify mark retired [ '/Users/vishwampathak/dayflow/node_modules/prr' ]
615 silly reify mark retired [ '/Users/vishwampathak/dayflow/node_modules/public-encrypt' ]
616 silly reify mark retired [ '/Users/vishwampathak/dayflow/node_modules/pump' ]
617 silly reify mark retired [ '/Users/vishwampathak/dayflow/node_modules/pumpify' ]
618 silly reify mark retired [ '/Users/vishwampathak/dayflow/node_modules/query-string' ]
619 silly reify mark retired [ '/Users/vishwampathak/dayflow/node_modules/querystring' ]
620 silly reify mark retired [ '/Users/vishwampathak/dayflow/node_modules/querystring-es3' ]
621 silly reify mark retired [ '/Users/vishwampathak/dayflow/node_modules/randombytes' ]
622 silly reify mark retired [ '/Users/vishwampathak/dayflow/node_modules/randomfill' ]
623 silly reify mark retired [ '/Users/vishwampathak/dayflow/node_modules/react-error-overlay' ]
624 silly reify mark retired [ '/Users/vishwampathak/dayflow/node_modules/read-pkg' ]
625 silly reify mark retired [ '/Users/vishwampathak/dayflow/node_modules/readable-stream' ]
626 silly reify mark retired [ '/Users/vishwampathak/dayflow/node_modules/readdirp' ]
627 silly reify mark retired [ '/Users/vishwampathak/dayflow/node_modules/reflect.ownkeys' ]
628 silly reify mark retired [ '/Users/vishwampathak/dayflow/node_modules/regenerate' ]
629 silly reify mark retired [
629 silly reify   '/Users/vishwampathak/dayflow/node_modules/regenerate-unicode-properties'
629 silly reify ]
630 silly reify mark retired [ '/Users/vishwampathak/dayflow/node_modules/regenerator-runtime' ]
631 silly reify mark retired [ '/Users/vishwampathak/dayflow/node_modules/regex-not' ]
632 silly reify mark retired [ '/Users/vishwampathak/dayflow/node_modules/regex-parser' ]
633 silly reify mark retired [ '/Users/vishwampathak/dayflow/node_modules/regexpu-core' ]
634 silly reify mark retired [ '/Users/vishwampathak/dayflow/node_modules/regjsgen' ]
635 silly reify mark retired [
635 silly reify   '/Users/vishwampathak/dayflow/node_modules/regjsparser',
635 silly reify   '/Users/vishwampathak/dayflow/node_modules/.bin/regjsparser'
635 silly reify ]
636 silly reify mark retired [
636 silly reify   '/Users/vishwampathak/dayflow/node_modules/remove-trailing-separator'
636 silly reify ]
637 silly reify mark retired [ '/Users/vishwampathak/dayflow/node_modules/repeat-element' ]
638 silly reify mark retired [ '/Users/vishwampathak/dayflow/node_modules/repeat-string' ]
639 silly reify mark retired [ '/Users/vishwampathak/dayflow/node_modules/requires-port' ]
640 silly reify mark retired [ '/Users/vishwampathak/dayflow/node_modules/resolve-url' ]
641 silly reify mark retired [ '/Users/vishwampathak/dayflow/node_modules/resolve-url-loader' ]
642 silly reify mark retired [ '/Users/vishwampathak/dayflow/node_modules/ret' ]
643 silly reify mark retired [ '/Users/vishwampathak/dayflow/node_modules/retry' ]
644 silly reify mark retired [ '/Users/vishwampathak/dayflow/node_modules/rework' ]
645 silly reify mark retired [ '/Users/vishwampathak/dayflow/node_modules/rework-visit' ]
646 silly reify mark retired [
646 silly reify   '/Users/vishwampathak/dayflow/node_modules/rimraf',
646 silly reify   '/Users/vishwampathak/dayflow/node_modules/.bin/rimraf'
646 silly reify ]
647 silly reify mark retired [ '/Users/vishwampathak/dayflow/node_modules/ripemd160' ]
648 silly reify mark retired [ '/Users/vishwampathak/dayflow/node_modules/run-queue' ]
649 silly reify mark retired [ '/Users/vishwampathak/dayflow/node_modules/safe-buffer' ]
650 silly reify mark retired [ '/Users/vishwampathak/dayflow/node_modules/safe-regex' ]
651 silly reify mark retired [ '/Users/vishwampathak/dayflow/node_modules/sass-loader' ]
652 silly reify mark retired [ '/Users/vishwampathak/dayflow/node_modules/schema-utils' ]
653 silly reify mark retired [ '/Users/vishwampathak/dayflow/node_modules/serialize-javascript' ]
654 silly reify mark retired [ '/Users/vishwampathak/dayflow/node_modules/set-value' ]
655 silly reify mark retired [ '/Users/vishwampathak/dayflow/node_modules/setimmediate' ]
656 silly reify mark retired [
656 silly reify   '/Users/vishwampathak/dayflow/node_modules/sha.js',
656 silly reify   '/Users/vishwampathak/dayflow/node_modules/.bin/sha.js'
656 silly reify ]
657 silly reify mark retired [ '/Users/vishwampathak/dayflow/node_modules/shallow-clone' ]
658 silly reify mark retired [ '/Users/vishwampathak/dayflow/node_modules/shell-quote' ]
659 silly reify mark retired [ '/Users/vishwampathak/dayflow/node_modules/snapdragon' ]
660 silly reify mark retired [ '/Users/vishwampathak/dayflow/node_modules/snapdragon-node' ]
661 silly reify mark retired [ '/Users/vishwampathak/dayflow/node_modules/snapdragon-util' ]
662 silly reify mark retired [ '/Users/vishwampathak/dayflow/node_modules/sort-keys' ]
663 silly reify mark retired [ '/Users/vishwampathak/dayflow/node_modules/source-list-map' ]
664 silly reify mark retired [ '/Users/vishwampathak/dayflow/node_modules/source-map-resolve' ]
665 silly reify mark retired [ '/Users/vishwampathak/dayflow/node_modules/source-map-support' ]
666 silly reify mark retired [ '/Users/vishwampathak/dayflow/node_modules/source-map-url' ]
667 silly reify mark retired [ '/Users/vishwampathak/dayflow/node_modules/spdx-correct' ]
668 silly reify mark retired [ '/Users/vishwampathak/dayflow/node_modules/spdx-exceptions' ]
669 silly reify mark retired [ '/Users/vishwampathak/dayflow/node_modules/spdx-expression-parse' ]
670 silly reify mark retired [ '/Users/vishwampathak/dayflow/node_modules/spdx-license-ids' ]
671 silly reify mark retired [ '/Users/vishwampathak/dayflow/node_modules/split-string' ]
672 silly reify mark retired [ '/Users/vishwampathak/dayflow/node_modules/sprintf-js' ]
673 silly reify mark retired [ '/Users/vishwampathak/dayflow/node_modules/ssri' ]
674 silly reify mark retired [ '/Users/vishwampathak/dayflow/node_modules/static-extend' ]
675 silly reify mark retired [ '/Users/vishwampathak/dayflow/node_modules/stream-browserify' ]
676 silly reify mark retired [ '/Users/vishwampathak/dayflow/node_modules/stream-each' ]
677 silly reify mark retired [ '/Users/vishwampathak/dayflow/node_modules/stream-http' ]
678 silly reify mark retired [ '/Users/vishwampathak/dayflow/node_modules/stream-shift' ]
679 silly reify mark retired [ '/Users/vishwampathak/dayflow/node_modules/strict-uri-encode' ]
680 silly reify mark retired [ '/Users/vishwampathak/dayflow/node_modules/string_decoder' ]
681 silly reify mark retired [ '/Users/vishwampathak/dayflow/node_modules/string-hash' ]
682 silly reify mark retired [ '/Users/vishwampathak/dayflow/node_modules/style-loader' ]
683 silly reify mark retired [ '/Users/vishwampathak/dayflow/node_modules/stylis' ]
684 silly reify mark retired [ '/Users/vishwampathak/dayflow/node_modules/stylis-rule-sheet' ]
685 silly reify mark retired [
685 silly reify   '/Users/vishwampathak/dayflow/node_modules/terser',
685 silly reify   '/Users/vishwampathak/dayflow/node_modules/.bin/terser'
685 silly reify ]
686 silly reify mark retired [ '/Users/vishwampathak/dayflow/node_modules/terser-webpack-plugin' ]
687 silly reify mark retired [ '/Users/vishwampathak/dayflow/node_modules/thread-loader' ]
688 silly reify mark retired [ '/Users/vishwampathak/dayflow/node_modules/through2' ]
689 silly reify mark retired [ '/Users/vishwampathak/dayflow/node_modules/timers-browserify' ]
690 silly reify mark retired [ '/Users/vishwampathak/dayflow/node_modules/to-arraybuffer' ]
691 silly reify mark retired [ '/Users/vishwampathak/dayflow/node_modules/to-buffer' ]
692 silly reify mark retired [ '/Users/vishwampathak/dayflow/node_modules/to-fast-properties' ]
693 silly reify mark retired [ '/Users/vishwampathak/dayflow/node_modules/to-object-path' ]
694 silly reify mark retired [ '/Users/vishwampathak/dayflow/node_modules/to-regex' ]
695 silly reify mark retired [ '/Users/vishwampathak/dayflow/node_modules/tr46' ]
696 silly reify mark retired [ '/Users/vishwampathak/dayflow/node_modules/traverse' ]
697 silly reify mark retired [ '/Users/vishwampathak/dayflow/node_modules/ts-pnp' ]
698 silly reify mark retired [ '/Users/vishwampathak/dayflow/node_modules/tty-browserify' ]
699 silly reify mark retired [ '/Users/vishwampathak/dayflow/node_modules/type' ]
700 silly reify mark retired [ '/Users/vishwampathak/dayflow/node_modules/typedarray' ]
701 silly reify mark retired [ '/Users/vishwampathak/dayflow/node_modules/typedarray-to-buffer' ]
702 silly reify mark retired [ '/Users/vishwampathak/dayflow/node_modules/unfetch' ]
703 silly reify mark retired [
703 silly reify   '/Users/vishwampathak/dayflow/node_modules/unicode-canonical-property-names-ecmascript'
703 silly reify ]
704 silly reify mark retired [
704 silly reify   '/Users/vishwampathak/dayflow/node_modules/unicode-match-property-ecmascript'
704 silly reify ]
705 silly reify mark retired [
705 silly reify   '/Users/vishwampathak/dayflow/node_modules/unicode-match-property-value-ecmascript'
705 silly reify ]
706 silly reify mark retired [
706 silly reify   '/Users/vishwampathak/dayflow/node_modules/unicode-property-aliases-ecmascript'
706 silly reify ]
707 silly reify mark retired [ '/Users/vishwampathak/dayflow/node_modules/union-value' ]
708 silly reify mark retired [ '/Users/vishwampathak/dayflow/node_modules/uniq' ]
709 silly reify mark retired [ '/Users/vishwampathak/dayflow/node_modules/unique-filename' ]
710 silly reify mark retired [ '/Users/vishwampathak/dayflow/node_modules/unique-slug' ]
711 silly reify mark retired [ '/Users/vishwampathak/dayflow/node_modules/unset-value' ]
712 silly reify mark retired [ '/Users/vishwampathak/dayflow/node_modules/upath' ]
713 silly reify mark retired [ '/Users/vishwampathak/dayflow/node_modules/urix' ]
714 silly reify mark retired [ '/Users/vishwampathak/dayflow/node_modules/url' ]
715 silly reify mark retired [ '/Users/vishwampathak/dayflow/node_modules/use' ]
716 silly reify mark retired [ '/Users/vishwampathak/dayflow/node_modules/util' ]
717 silly reify mark retired [
717 silly reify   '/Users/vishwampathak/dayflow/node_modules/uuid',
717 silly reify   '/Users/vishwampathak/dayflow/node_modules/.bin/uuid'
717 silly reify ]
718 silly reify mark retired [
718 silly reify   '/Users/vishwampathak/dayflow/node_modules/validate-npm-package-license'
718 silly reify ]
719 silly reify mark retired [ '/Users/vishwampathak/dayflow/node_modules/vm-browserify' ]
720 silly reify mark retired [ '/Users/vishwampathak/dayflow/node_modules/watchpack' ]
721 silly reify mark retired [ '/Users/vishwampathak/dayflow/node_modules/watchpack-chokidar2' ]
722 silly reify mark retired [ '/Users/vishwampathak/dayflow/node_modules/wcwidth' ]
723 silly reify mark retired [ '/Users/vishwampathak/dayflow/node_modules/webidl-conversions' ]
724 silly reify mark retired [
724 silly reify   '/Users/vishwampathak/dayflow/node_modules/webpack',
724 silly reify   '/Users/vishwampathak/dayflow/node_modules/.bin/webpack'
724 silly reify ]
725 silly reify mark retired [ '/Users/vishwampathak/dayflow/node_modules/webpack-dev-middleware' ]
726 silly reify mark retired [ '/Users/vishwampathak/dayflow/node_modules/webpack-hot-middleware' ]
727 silly reify mark retired [ '/Users/vishwampathak/dayflow/node_modules/webpack-log' ]
728 silly reify mark retired [ '/Users/vishwampathak/dayflow/node_modules/webpack-merge' ]
729 silly reify mark retired [ '/Users/vishwampathak/dayflow/node_modules/webpack-sources' ]
730 silly reify mark retired [ '/Users/vishwampathak/dayflow/node_modules/whatwg-url' ]
731 silly reify mark retired [ '/Users/vishwampathak/dayflow/node_modules/worker-farm' ]
732 silly reify mark retired [ '/Users/vishwampathak/dayflow/node_modules/worker-rpc' ]
733 silly reify mark retired [ '/Users/vishwampathak/dayflow/node_modules/write-file-atomic' ]
734 silly reify mark retired [ '/Users/vishwampathak/dayflow/node_modules/xtend' ]
735 silly reify moves {
735 silly reify   '/Users/vishwampathak/dayflow/node_modules/@ampproject/toolbox-core': '/Users/vishwampathak/dayflow/node_modules/@ampproject/.toolbox-core-66YJsNyw',
735 silly reify   '/Users/vishwampathak/dayflow/node_modules/@ampproject/toolbox-optimizer': '/Users/vishwampathak/dayflow/node_modules/@ampproject/.toolbox-optimizer-ShoZhOiP',
735 silly reify   '/Users/vishwampathak/dayflow/node_modules/@ampproject/toolbox-runtime-version': '/Users/vishwampathak/dayflow/node_modules/@ampproject/.toolbox-runtime-version-AnYvVFlZ',
735 silly reify   '/Users/vishwampathak/dayflow/node_modules/@ampproject/toolbox-script-csp': '/Users/vishwampathak/dayflow/node_modules/@ampproject/.toolbox-script-csp-9rE1GZsz',
735 silly reify   '/Users/vishwampathak/dayflow/node_modules/@ampproject/toolbox-validator-rules': '/Users/vishwampathak/dayflow/node_modules/@ampproject/.toolbox-validator-rules-1cluoQpt',
735 silly reify   '/Users/vishwampathak/dayflow/node_modules/@babel/helper-create-regexp-features-plugin': '/Users/vishwampathak/dayflow/node_modules/@babel/.helper-create-regexp-features-plugin-pQUCHkDf',
735 silly reify   '/Users/vishwampathak/dayflow/node_modules/@babel/helper-environment-visitor': '/Users/vishwampathak/dayflow/node_modules/@babel/.helper-environment-visitor-4lUUDAi9',
735 silly reify   '/Users/vishwampathak/dayflow/node_modules/@babel/helper-remap-async-to-generator': '/Users/vishwampathak/dayflow/node_modules/@babel/.helper-remap-async-to-generator-S7io533o',
735 silly reify   '/Users/vishwampathak/dayflow/node_modules/@babel/helper-simple-access': '/Users/vishwampathak/dayflow/node_modules/@babel/.helper-simple-access-ZF6GIu6w',
735 silly reify   '/Users/vishwampathak/dayflow/node_modules/@babel/helper-wrap-function': '/Users/vishwampathak/dayflow/node_modules/@babel/.helper-wrap-function-sfqVgEQu',
735 silly reify   '/Users/vishwampathak/dayflow/node_modules/@babel/plugin-proposal-async-generator-functions': '/Users/vishwampathak/dayflow/node_modules/@babel/.plugin-proposal-async-generator-functions-FeQbpUyF',
735 silly reify   '/Users/vishwampathak/dayflow/node_modules/@babel/plugin-proposal-class-properties': '/Users/vishwampathak/dayflow/node_modules/@babel/.plugin-proposal-class-properties-Kyb76HUA',
735 silly reify   '/Users/vishwampathak/dayflow/node_modules/@babel/plugin-proposal-dynamic-import': '/Users/vishwampathak/dayflow/node_modules/@babel/.plugin-proposal-dynamic-import-P7fhuPzJ',
735 silly reify   '/Users/vishwampathak/dayflow/node_modules/@babel/plugin-proposal-json-strings': '/Users/vishwampathak/dayflow/node_modules/@babel/.plugin-proposal-json-strings-uIuAvEXB',
735 silly reify   '/Users/vishwampathak/dayflow/node_modules/@babel/plugin-proposal-nullish-coalescing-operator': '/Users/vishwampathak/dayflow/node_modules/@babel/.plugin-proposal-nullish-coalescing-operator-g6Hyg4I0',
735 silly reify   '/Users/vishwampathak/dayflow/node_modules/@babel/plugin-proposal-numeric-separator': '/Users/vishwampathak/dayflow/node_modules/@babel/.plugin-proposal-numeric-separator-bDGKtPxl',
735 silly reify   '/Users/vishwampathak/dayflow/node_modules/@babel/plugin-proposal-object-rest-spread': '/Users/vishwampathak/dayflow/node_modules/@babel/.plugin-proposal-object-rest-spread-4hLM9L8t',
735 silly reify   '/Users/vishwampathak/dayflow/node_modules/@babel/plugin-proposal-optional-catch-binding': '/Users/vishwampathak/dayflow/node_modules/@babel/.plugin-proposal-optional-catch-binding-cIskDN7g',
735 silly reify   '/Users/vishwampathak/dayflow/node_modules/@babel/plugin-proposal-optional-chaining': '/Users/vishwampathak/dayflow/node_modules/@babel/.plugin-proposal-optional-chaining-9wjdvwuO',
735 silly reify   '/Users/vishwampathak/dayflow/node_modules/@babel/plugin-proposal-unicode-property-regex': '/Users/vishwampathak/dayflow/node_modules/@babel/.plugin-proposal-unicode-property-regex-OwT9lCPX',
735 silly reify   '/Users/vishwampathak/dayflow/node_modules/@babel/plugin-syntax-async-generators': '/Users/vishwampathak/dayflow/node_modules/@babel/.plugin-syntax-async-generators-ezmUYcEH',
735 silly reify   '/Users/vishwampathak/dayflow/node_modules/@babel/plugin-syntax-bigint': '/Users/vishwampathak/dayflow/node_modules/@babel/.plugin-syntax-bigint-sxIcztTa',
735 silly reify   '/Users/vishwampathak/dayflow/node_modules/@babel/plugin-syntax-dynamic-import': '/Users/vishwampathak/dayflow/node_modules/@babel/.plugin-syntax-dynamic-import-k6hpwO3I',
735 silly reify   '/Users/vishwampathak/dayflow/node_modules/@babel/plugin-syntax-json-strings': '/Users/vishwampathak/dayflow/node_modules/@babel/.plugin-syntax-json-strings-uOXC9w0z',
735 silly reify   '/Users/vishwampathak/dayflow/node_modules/@babel/plugin-syntax-nullish-coalescing-operator': '/Users/vishwampathak/dayflow/node_modules/@babel/.plugin-syntax-nullish-coalescing-operator-Rk9clxOg',
735 silly reify   '/Users/vishwampathak/dayflow/node_modules/@babel/plugin-syntax-numeric-separator': '/Users/vishwampathak/dayflow/node_modules/@babel/.plugin-syntax-numeric-separator-QzBx6iZf',
735 silly reify   '/Users/vishwampathak/dayflow/node_modules/@babel/plugin-syntax-object-rest-spread': '/Users/vishwampathak/dayflow/node_modules/@babel/.plugin-syntax-object-rest-spread-aFnJSwEJ',
735 silly reify   '/Users/vishwampathak/dayflow/node_modules/@babel/plugin-syntax-optional-catch-binding': '/Users/vishwampathak/dayflow/node_modules/@babel/.plugin-syntax-optional-catch-binding-ZgGnklpy',
735 silly reify   '/Users/vishwampathak/dayflow/node_modules/@babel/plugin-syntax-optional-chaining': '/Users/vishwampathak/dayflow/node_modules/@babel/.plugin-syntax-optional-chaining-wNAWKW3j',
735 silly reify   '/Users/vishwampathak/dayflow/node_modules/@babel/plugin-syntax-top-level-await': '/Users/vishwampathak/dayflow/node_modules/@babel/.plugin-syntax-top-level-await-uVZiP36m',
735 silly reify   '/Users/vishwampathak/dayflow/node_modules/@babel/plugin-transform-arrow-functions': '/Users/vishwampathak/dayflow/node_modules/@babel/.plugin-transform-arrow-functions-vFzVbDzj',
735 silly reify   '/Users/vishwampathak/dayflow/node_modules/@babel/plugin-transform-async-to-generator': '/Users/vishwampathak/dayflow/node_modules/@babel/.plugin-transform-async-to-generator-5o5agWmY',
735 silly reify   '/Users/vishwampathak/dayflow/node_modules/@babel/plugin-transform-block-scoped-functions': '/Users/vishwampathak/dayflow/node_modules/@babel/.plugin-transform-block-scoped-functions-Bxh0mGDM',
735 silly reify   '/Users/vishwampathak/dayflow/node_modules/@babel/plugin-transform-block-scoping': '/Users/vishwampathak/dayflow/node_modules/@babel/.plugin-transform-block-scoping-yAua2o9g',
735 silly reify   '/Users/vishwampathak/dayflow/node_modules/@babel/plugin-transform-classes': '/Users/vishwampathak/dayflow/node_modules/@babel/.plugin-transform-classes-vCTSaewU',
735 silly reify   '/Users/vishwampathak/dayflow/node_modules/@babel/plugin-transform-computed-properties': '/Users/vishwampathak/dayflow/node_modules/@babel/.plugin-transform-computed-properties-KXB2LrPx',
735 silly reify   '/Users/vishwampathak/dayflow/node_modules/@babel/plugin-transform-destructuring': '/Users/vishwampathak/dayflow/node_modules/@babel/.plugin-transform-destructuring-SMs6838Z',
735 silly reify   '/Users/vishwampathak/dayflow/node_modules/@babel/plugin-transform-dotall-regex': '/Users/vishwampathak/dayflow/node_modules/@babel/.plugin-transform-dotall-regex-k8QYZxLi',
735 silly reify   '/Users/vishwampathak/dayflow/node_modules/@babel/plugin-transform-duplicate-keys': '/Users/vishwampathak/dayflow/node_modules/@babel/.plugin-transform-duplicate-keys-Jl7HqJVA',
735 silly reify   '/Users/vishwampathak/dayflow/node_modules/@babel/plugin-transform-exponentiation-operator': '/Users/vishwampathak/dayflow/node_modules/@babel/.plugin-transform-exponentiation-operator-wdbanJPP',
735 silly reify   '/Users/vishwampathak/dayflow/node_modules/@babel/plugin-transform-for-of': '/Users/vishwampathak/dayflow/node_modules/@babel/.plugin-transform-for-of-3cjOL7OF',
735 silly reify   '/Users/vishwampathak/dayflow/node_modules/@babel/plugin-transform-function-name': '/Users/vishwampathak/dayflow/node_modules/@babel/.plugin-transform-function-name-wT7TlrYi',
735 silly reify   '/Users/vishwampathak/dayflow/node_modules/@babel/plugin-transform-literals': '/Users/vishwampathak/dayflow/node_modules/@babel/.plugin-transform-literals-yI88Vrpt',
735 silly reify   '/Users/vishwampathak/dayflow/node_modules/@babel/plugin-transform-member-expression-literals': '/Users/vishwampathak/dayflow/node_modules/@babel/.plugin-transform-member-expression-literals-BGukWIgC',
735 silly reify   '/Users/vishwampathak/dayflow/node_modules/@babel/plugin-transform-modules-amd': '/Users/vishwampathak/dayflow/node_modules/@babel/.plugin-transform-modules-amd-fw97B05h',
735 silly reify   '/Users/vishwampathak/dayflow/node_modules/@babel/plugin-transform-modules-systemjs': '/Users/vishwampathak/dayflow/node_modules/@babel/.plugin-transform-modules-systemjs-FAfm9oN6',
735 silly reify   '/Users/vishwampathak/dayflow/node_modules/@babel/plugin-transform-modules-umd': '/Users/vishwampathak/dayflow/node_modules/@babel/.plugin-transform-modules-umd-jGLuCBBn',
735 silly reify   '/Users/vishwampathak/dayflow/node_modules/@babel/plugin-transform-named-capturing-groups-regex': '/Users/vishwampathak/dayflow/node_modules/@babel/.plugin-transform-named-capturing-groups-regex-7X8SGLWc',
735 silly reify   '/Users/vishwampathak/dayflow/node_modules/@babel/plugin-transform-new-target': '/Users/vishwampathak/dayflow/node_modules/@babel/.plugin-transform-new-target-2Fqrfrgf',
735 silly reify   '/Users/vishwampathak/dayflow/node_modules/@babel/plugin-transform-object-super': '/Users/vishwampathak/dayflow/node_modules/@babel/.plugin-transform-object-super-L2Y4YHL3',
735 silly reify   '/Users/vishwampathak/dayflow/node_modules/@babel/plugin-transform-parameters': '/Users/vishwampathak/dayflow/node_modules/@babel/.plugin-transform-parameters-B7rVb5Kf',
735 silly reify   '/Users/vishwampathak/dayflow/node_modules/@babel/plugin-transform-property-literals': '/Users/vishwampathak/dayflow/node_modules/@babel/.plugin-transform-property-literals-85VXeC02',
735 silly reify   '/Users/vishwampathak/dayflow/node_modules/@babel/plugin-transform-react-display-name': '/Users/vishwampathak/dayflow/node_modules/@babel/.plugin-transform-react-display-name-oeMwxBhL',
735 silly reify   '/Users/vishwampathak/dayflow/node_modules/@babel/plugin-transform-react-jsx': '/Users/vishwampathak/dayflow/node_modules/@babel/.plugin-transform-react-jsx-PBtItYWV',
735 silly reify   '/Users/vishwampathak/dayflow/node_modules/@babel/plugin-transform-react-jsx-self': '/Users/vishwampathak/dayflow/node_modules/@babel/.plugin-transform-react-jsx-self-pSYxK9AD',
735 silly reify   '/Users/vishwampathak/dayflow/node_modules/@babel/plugin-transform-react-jsx-source': '/Users/vishwampathak/dayflow/node_modules/@babel/.plugin-transform-react-jsx-source-mWaAQUrI',
735 silly reify   '/Users/vishwampathak/dayflow/node_modules/@babel/plugin-transform-regenerator': '/Users/vishwampathak/dayflow/node_modules/@babel/.plugin-transform-regenerator-Yqcu8dZG',
735 silly reify   '/Users/vishwampathak/dayflow/node_modules/@babel/plugin-transform-reserved-words': '/Users/vishwampathak/dayflow/node_modules/@babel/.plugin-transform-reserved-words-f7ZyBRQ6',
735 silly reify   '/Users/vishwampathak/dayflow/node_modules/@babel/plugin-transform-runtime': '/Users/vishwampathak/dayflow/node_modules/@babel/.plugin-transform-runtime-eKqUpgtA',
735 silly reify   '/Users/vishwampathak/dayflow/node_modules/@babel/plugin-transform-shorthand-properties': '/Users/vishwampathak/dayflow/node_modules/@babel/.plugin-transform-shorthand-properties-KqAe1q2j',
735 silly reify   '/Users/vishwampathak/dayflow/node_modules/@babel/plugin-transform-spread': '/Users/vishwampathak/dayflow/node_modules/@babel/.plugin-transform-spread-AhEdTSgE',
735 silly reify   '/Users/vishwampathak/dayflow/node_modules/@babel/plugin-transform-sticky-regex': '/Users/vishwampathak/dayflow/node_modules/@babel/.plugin-transform-sticky-regex-4fUvbMCR',
735 silly reify   '/Users/vishwampathak/dayflow/node_modules/@babel/plugin-transform-template-literals': '/Users/vishwampathak/dayflow/node_modules/@babel/.plugin-transform-template-literals-GeFjJjqc',
735 silly reify   '/Users/vishwampathak/dayflow/node_modules/@babel/plugin-transform-typeof-symbol': '/Users/vishwampathak/dayflow/node_modules/@babel/.plugin-transform-typeof-symbol-ls9IRo6n',
735 silly reify   '/Users/vishwampathak/dayflow/node_modules/@babel/plugin-transform-unicode-regex': '/Users/vishwampathak/dayflow/node_modules/@babel/.plugin-transform-unicode-regex-NBNVWNpj',
735 silly reify   '/Users/vishwampathak/dayflow/node_modules/@babel/preset-env': '/Users/vishwampathak/dayflow/node_modules/@babel/.preset-env-Mn7MIz78',
735 silly reify   '/Users/vishwampathak/dayflow/node_modules/@babel/preset-modules': '/Users/vishwampathak/dayflow/node_modules/@babel/.preset-modules-YuHLgwle',
735 silly reify   '/Users/vishwampathak/dayflow/node_modules/@babel/preset-react': '/Users/vishwampathak/dayflow/node_modules/@babel/.preset-react-BeMxm5X5',
735 silly reify   '/Users/vishwampathak/dayflow/node_modules/@csstools/convert-colors': '/Users/vishwampathak/dayflow/node_modules/@csstools/.convert-colors-iMfbS7Pd',
735 silly reify   '/Users/vishwampathak/dayflow/node_modules/@next/polyfill-nomodule': '/Users/vishwampathak/dayflow/node_modules/@next/.polyfill-nomodule-eOHUWvIK',
735 silly reify   '/Users/vishwampathak/dayflow/node_modules/@webassemblyjs/ast': '/Users/vishwampathak/dayflow/node_modules/@webassemblyjs/.ast-vNMgX3C3',
735 silly reify   '/Users/vishwampathak/dayflow/node_modules/@webassemblyjs/floating-point-hex-parser': '/Users/vishwampathak/dayflow/node_modules/@webassemblyjs/.floating-point-hex-parser-L4zKiCdi',
735 silly reify   '/Users/vishwampathak/dayflow/node_modules/@webassemblyjs/helper-api-error': '/Users/vishwampathak/dayflow/node_modules/@webassemblyjs/.helper-api-error-pccKo41B',
735 silly reify   '/Users/vishwampathak/dayflow/node_modules/@webassemblyjs/helper-buffer': '/Users/vishwampathak/dayflow/node_modules/@webassemblyjs/.helper-buffer-nL2g1YHy',
735 silly reify   '/Users/vishwampathak/dayflow/node_modules/@webassemblyjs/helper-code-frame': '/Users/vishwampathak/dayflow/node_modules/@webassemblyjs/.helper-code-frame-SYMP8Ocn',
735 silly reify   '/Users/vishwampathak/dayflow/node_modules/@webassemblyjs/helper-fsm': '/Users/vishwampathak/dayflow/node_modules/@webassemblyjs/.helper-fsm-pMKvg8s3',
735 silly reify   '/Users/vishwampathak/dayflow/node_modules/@webassemblyjs/helper-module-context': '/Users/vishwampathak/dayflow/node_modules/@webassemblyjs/.helper-module-context-YEXS7Urg',
735 silly reify   '/Users/vishwampathak/dayflow/node_modules/@webassemblyjs/helper-wasm-bytecode': '/Users/vishwampathak/dayflow/node_modules/@webassemblyjs/.helper-wasm-bytecode-kYaYCJQp',
735 silly reify   '/Users/vishwampathak/dayflow/node_modules/@webassemblyjs/helper-wasm-section': '/Users/vishwampathak/dayflow/node_modules/@webassemblyjs/.helper-wasm-section-LWeHIbxo',
735 silly reify   '/Users/vishwampathak/dayflow/node_modules/@webassemblyjs/ieee754': '/Users/vishwampathak/dayflow/node_modules/@webassemblyjs/.ieee754-4FpBkmdY',
735 silly reify   '/Users/vishwampathak/dayflow/node_modules/@webassemblyjs/leb128': '/Users/vishwampathak/dayflow/node_modules/@webassemblyjs/.leb128-zHPyqvb0',
735 silly reify   '/Users/vishwampathak/dayflow/node_modules/@webassemblyjs/utf8': '/Users/vishwampathak/dayflow/node_modules/@webassemblyjs/.utf8-rWr5kRav',
735 silly reify   '/Users/vishwampathak/dayflow/node_modules/@webassemblyjs/wasm-edit': '/Users/vishwampathak/dayflow/node_modules/@webassemblyjs/.wasm-edit-gDuqjyfu',
735 silly reify   '/Users/vishwampathak/dayflow/node_modules/@webassemblyjs/wasm-gen': '/Users/vishwampathak/dayflow/node_modules/@webassemblyjs/.wasm-gen-GKkS0hgc',
735 silly reify   '/Users/vishwampathak/dayflow/node_modules/@webassemblyjs/wasm-opt': '/Users/vishwampathak/dayflow/node_modules/@webassemblyjs/.wasm-opt-6kL579q6',
735 silly reify   '/Users/vishwampathak/dayflow/node_modules/@webassemblyjs/wasm-parser': '/Users/vishwampathak/dayflow/node_modules/@webassemblyjs/.wasm-parser-yPb084KQ',
735 silly reify   '/Users/vishwampathak/dayflow/node_modules/@webassemblyjs/wast-parser': '/Users/vishwampathak/dayflow/node_modules/@webassemblyjs/.wast-parser-xnAMkODE',
735 silly reify   '/Users/vishwampathak/dayflow/node_modules/@webassemblyjs/wast-printer': '/Users/vishwampathak/dayflow/node_modules/@webassemblyjs/.wast-printer-L92DuvOo',
735 silly reify   '/Users/vishwampathak/dayflow/node_modules/@xtuc/ieee754': '/Users/vishwampathak/dayflow/node_modules/@xtuc/.ieee754-hMTMk8B6',
735 silly reify   '/Users/vishwampathak/dayflow/node_modules/@xtuc/long': '/Users/vishwampathak/dayflow/node_modules/@xtuc/.long-Sw5JALHG',
735 silly reify   '/Users/vishwampathak/dayflow/node_modules/adjust-sourcemap-loader': '/Users/vishwampathak/dayflow/node_modules/.adjust-sourcemap-loader-pZhSQthk',
735 silly reify   '/Users/vishwampathak/dayflow/node_modules/ajv-errors': '/Users/vishwampathak/dayflow/node_modules/.ajv-errors-4G047BLv',
735 silly reify   '/Users/vishwampathak/dayflow/node_modules/ajv-keywords': '/Users/vishwampathak/dayflow/node_modules/.ajv-keywords-xvxImH4G',
735 silly reify   '/Users/vishwampathak/dayflow/node_modules/amphtml-validator': '/Users/vishwampathak/dayflow/node_modules/.amphtml-validator-w4TaKgO1',
735 silly reify   '/Users/vishwampathak/dayflow/node_modules/.bin/amphtml-validator': '/Users/vishwampathak/dayflow/node_modules/.bin/.amphtml-validator-dD9GqpJ4',
735 silly reify   '/Users/vishwampathak/dayflow/node_modules/ansi-colors': '/Users/vishwampathak/dayflow/node_modules/.ansi-colors-v71Tm7c8',
735 silly reify   '/Users/vishwampathak/dayflow/node_modules/ansi-html': '/Users/vishwampathak/dayflow/node_modules/.ansi-html-xAmzppje',
735 silly reify   '/Users/vishwampathak/dayflow/node_modules/.bin/ansi-html': '/Users/vishwampathak/dayflow/node_modules/.bin/.ansi-html-uB1Xm5LB',
735 silly reify   '/Users/vishwampathak/dayflow/node_modules/anymatch': '/Users/vishwampathak/dayflow/node_modules/.anymatch-jgAOYOTj',
735 silly reify   '/Users/vishwampathak/dayflow/node_modules/aproba': '/Users/vishwampathak/dayflow/node_modules/.aproba-RzaXArHE',
735 silly reify   '/Users/vishwampathak/dayflow/node_modules/arity-n': '/Users/vishwampathak/dayflow/node_modules/.arity-n-AFmVrRia',
735 silly reify   '/Users/vishwampathak/dayflow/node_modules/arr-diff': '/Users/vishwampathak/dayflow/node_modules/.arr-diff-SxT3CsKM',
735 silly reify   '/Users/vishwampathak/dayflow/node_modules/arr-flatten': '/Users/vishwampathak/dayflow/node_modules/.arr-flatten-AhCONpZi',
735 silly reify   '/Users/vishwampathak/dayflow/node_modules/arr-union': '/Users/vishwampathak/dayflow/node_modules/.arr-union-8PlO3L4S',
735 silly reify   '/Users/vishwampathak/dayflow/node_modules/array-union': '/Users/vishwampathak/dayflow/node_modules/.array-union-7xNCCzCx',
735 silly reify   '/Users/vishwampathak/dayflow/node_modules/array-uniq': '/Users/vishwampathak/dayflow/node_modules/.array-uniq-gg79PFEs',
735 silly reify   '/Users/vishwampathak/dayflow/node_modules/array-unique': '/Users/vishwampathak/dayflow/node_modules/.array-unique-pMAZYAmp',
735 silly reify   '/Users/vishwampathak/dayflow/node_modules/asap': '/Users/vishwampathak/dayflow/node_modules/.asap-0tL5bAEa',
735 silly reify   '/Users/vishwampathak/dayflow/node_modules/asn1.js': '/Users/vishwampathak/dayflow/node_modules/.asn1.js-LwMmWzO1',
735 silly reify   '/Users/vishwampathak/dayflow/node_modules/assert': '/Users/vishwampathak/dayflow/node_modules/.assert-VTu1UPvp',
735 silly reify   '/Users/vishwampathak/dayflow/node_modules/assign-symbols': '/Users/vishwampathak/dayflow/node_modules/.assign-symbols-eGVulfHE',
735 silly reify   '/Users/vishwampathak/dayflow/node_modules/async-each': '/Users/vishwampathak/dayflow/node_modules/.async-each-S4cq2Rs6',
735 silly reify   '/Users/vishwampathak/dayflow/node_modules/async-retry': '/Users/vishwampathak/dayflow/node_modules/.async-retry-moONIjRx',
735 silly reify   '/Users/vishwampathak/dayflow/node_modules/async-sema': '/Users/vishwampathak/dayflow/node_modules/.async-sema-e2QsGrjb',
735 silly reify   '/Users/vishwampathak/dayflow/node_modules/atob': '/Users/vishwampathak/dayflow/node_modules/.atob-Sa5rw4jA',
735 silly reify   '/Users/vishwampathak/dayflow/node_modules/.bin/atob': '/Users/vishwampathak/dayflow/node_modules/.bin/.atob-Lt79Fltm',
735 silly reify   '/Users/vishwampathak/dayflow/node_modules/autodll-webpack-plugin': '/Users/vishwampathak/dayflow/node_modules/.autodll-webpack-plugin-UXa0rrXd',
735 silly reify   '/Users/vishwampathak/dayflow/node_modules/autoprefixer': '/Users/vishwampathak/dayflow/node_modules/.autoprefixer-bbc02KA3',
735 silly reify   '/Users/vishwampathak/dayflow/node_modules/.bin/autoprefixer': '/Users/vishwampathak/dayflow/node_modules/.bin/.autoprefixer-enFSXh2i',
735 silly reify   '/Users/vishwampathak/dayflow/node_modules/babel-code-frame': '/Users/vishwampathak/dayflow/node_modules/.babel-code-frame-kTLMseqW',
735 silly reify   '/Users/vishwampathak/dayflow/node_modules/babel-core': '/Users/vishwampathak/dayflow/node_modules/.babel-core-0ud9UT5t',
735 silly reify   '/Users/vishwampathak/dayflow/node_modules/babel-loader': '/Users/vishwampathak/dayflow/node_modules/.babel-loader-oobVV7NQ',
735 silly reify   '/Users/vishwampathak/dayflow/node_modules/babel-plugin-dynamic-import-node': '/Users/vishwampathak/dayflow/node_modules/.babel-plugin-dynamic-import-node-064dPEm6',
735 silly reify   '/Users/vishwampathak/dayflow/node_modules/babel-plugin-syntax-jsx': '/Users/vishwampathak/dayflow/node_modules/.babel-plugin-syntax-jsx-7oTu8HmE',
735 silly reify   '/Users/vishwampathak/dayflow/node_modules/babel-plugin-transform-define': '/Users/vishwampathak/dayflow/node_modules/.babel-plugin-transform-define-CJHSxf0C',
735 silly reify   '/Users/vishwampathak/dayflow/node_modules/babel-plugin-transform-react-remove-prop-types': '/Users/vishwampathak/dayflow/node_modules/.babel-plugin-transform-react-remove-prop-types-eksUJ4OV',
735 silly reify   '/Users/vishwampathak/dayflow/node_modules/base': '/Users/vishwampathak/dayflow/node_modules/.base-V8QUhBjX',
735 silly reify   '/Users/vishwampathak/dayflow/node_modules/base64-js': '/Users/vishwampathak/dayflow/node_modules/.base64-js-reYF3Lvz',
735 silly reify   '/Users/vishwampathak/dayflow/node_modules/big.js': '/Users/vishwampathak/dayflow/node_modules/.big.js-tmCvpZgH',
735 silly reify   '/Users/vishwampathak/dayflow/node_modules/binary-extensions': '/Users/vishwampathak/dayflow/node_modules/.binary-extensions-YsTi8hJV',
735 silly reify   '/Users/vishwampathak/dayflow/node_modules/bindings': '/Users/vishwampathak/dayflow/node_modules/.bindings-MvAxlY3g',
735 silly reify   '/Users/vishwampathak/dayflow/node_modules/bluebird': '/Users/vishwampathak/dayflow/node_modules/.bluebird-B8diPpCx',
735 silly reify   '/Users/vishwampathak/dayflow/node_modules/bn.js': '/Users/vishwampathak/dayflow/node_modules/.bn.js-tL3xeSwQ',
735 silly reify   '/Users/vishwampathak/dayflow/node_modules/brorand': '/Users/vishwampathak/dayflow/node_modules/.brorand-qLYB6u5n',
735 silly reify   '/Users/vishwampathak/dayflow/node_modules/browserify-aes': '/Users/vishwampathak/dayflow/node_modules/.browserify-aes-qCV3mFZ0',
735 silly reify   '/Users/vishwampathak/dayflow/node_modules/browserify-cipher': '/Users/vishwampathak/dayflow/node_modules/.browserify-cipher-Ld3GqAcJ',
735 silly reify   '/Users/vishwampathak/dayflow/node_modules/browserify-des': '/Users/vishwampathak/dayflow/node_modules/.browserify-des-7JZvmrOo',
735 silly reify   '/Users/vishwampathak/dayflow/node_modules/browserify-rsa': '/Users/vishwampathak/dayflow/node_modules/.browserify-rsa-2H76HrI1',
735 silly reify   '/Users/vishwampathak/dayflow/node_modules/browserify-sign': '/Users/vishwampathak/dayflow/node_modules/.browserify-sign-W2FtmBSb',
735 silly reify   '/Users/vishwampathak/dayflow/node_modules/browserify-zlib': '/Users/vishwampathak/dayflow/node_modules/.browserify-zlib-CBJQRaWw',
735 silly reify   '/Users/vishwampathak/dayflow/node_modules/buffer': '/Users/vishwampathak/dayflow/node_modules/.buffer-mdJKqW33',
735 silly reify   '/Users/vishwampathak/dayflow/node_modules/buffer-equal-constant-time': '/Users/vishwampathak/dayflow/node_modules/.buffer-equal-constant-time-v6Xb43aw',
735 silly reify   '/Users/vishwampathak/dayflow/node_modules/buffer-from': '/Users/vishwampathak/dayflow/node_modules/.buffer-from-z04ajPqs',
735 silly reify   '/Users/vishwampathak/dayflow/node_modules/buffer-json': '/Users/vishwampathak/dayflow/node_modules/.buffer-json-GNIakZ8D',
735 silly reify   '/Users/vishwampathak/dayflow/node_modules/buffer-xor': '/Users/vishwampathak/dayflow/node_modules/.buffer-xor-X3pPUeXM',
735 silly reify   '/Users/vishwampathak/dayflow/node_modules/builtin-status-codes': '/Users/vishwampathak/dayflow/node_modules/.builtin-status-codes-7PjUp0ln',
735 silly reify   '/Users/vishwampathak/dayflow/node_modules/cacache': '/Users/vishwampathak/dayflow/node_modules/.cacache-c6FOXzKT',
735 silly reify   '/Users/vishwampathak/dayflow/node_modules/cache-base': '/Users/vishwampathak/dayflow/node_modules/.cache-base-Qe8IBn5h',
735 silly reify   '/Users/vishwampathak/dayflow/node_modules/cache-loader': '/Users/vishwampathak/dayflow/node_modules/.cache-loader-WuWNvgGB',
735 silly reify   '/Users/vishwampathak/dayflow/node_modules/caller-callsite': '/Users/vishwampathak/dayflow/node_modules/.caller-callsite-yziIpQyw',
735 silly reify   '/Users/vishwampathak/dayflow/node_modules/caller-path': '/Users/vishwampathak/dayflow/node_modules/.caller-path-5c3ICyVZ',
735 silly reify   '/Users/vishwampathak/dayflow/node_modules/camelcase': '/Users/vishwampathak/dayflow/node_modules/.camelcase-KBPYhygx',
735 silly reify   '/Users/vishwampathak/dayflow/node_modules/chokidar': '/Users/vishwampathak/dayflow/node_modules/.chokidar-M5pQXfrw',
735 silly reify   '/Users/vishwampathak/dayflow/node_modules/chownr': '/Users/vishwampathak/dayflow/node_modules/.chownr-wwyzaVO0',
735 silly reify   '/Users/vishwampathak/dayflow/node_modules/chrome-trace-event': '/Users/vishwampathak/dayflow/node_modules/.chrome-trace-event-UdcBjj5e',
735 silly reify   '/Users/vishwampathak/dayflow/node_modules/ci-info': '/Users/vishwampathak/dayflow/node_modules/.ci-info-GhRwkPYe',
735 silly reify   '/Users/vishwampathak/dayflow/node_modules/cipher-base': '/Users/vishwampathak/dayflow/node_modules/.cipher-base-MTK0CEIE',
735 silly reify   '/Users/vishwampathak/dayflow/node_modules/class-utils': '/Users/vishwampathak/dayflow/node_modules/.class-utils-TI1XEKwY',
735 silly reify   '/Users/vishwampathak/dayflow/node_modules/clone': '/Users/vishwampathak/dayflow/node_modules/.clone-FjRbvwJe',
735 silly reify   '/Users/vishwampathak/dayflow/node_modules/clone-deep': '/Users/vishwampathak/dayflow/node_modules/.clone-deep-BToa7TBv',
735 silly reify   '/Users/vishwampathak/dayflow/node_modules/collection-visit': '/Users/vishwampathak/dayflow/node_modules/.collection-visit-jJMDppOL',
735 silly reify   '/Users/vishwampathak/dayflow/node_modules/colors': '/Users/vishwampathak/dayflow/node_modules/.colors-aV2khzUD',
735 silly reify   '/Users/vishwampathak/dayflow/node_modules/commondir': '/Users/vishwampathak/dayflow/node_modules/.commondir-tBJlwQD1',
735 silly reify   '/Users/vishwampathak/dayflow/node_modules/component-emitter': '/Users/vishwampathak/dayflow/node_modules/.component-emitter-u6S1cdc6',
735 silly reify   '/Users/vishwampathak/dayflow/node_modules/compose-function': '/Users/vishwampathak/dayflow/node_modules/.compose-function-82dY11dw',
735 silly reify   '/Users/vishwampathak/dayflow/node_modules/compressible': '/Users/vishwampathak/dayflow/node_modules/.compressible-P7yYVXP9',
735 silly reify   '/Users/vishwampathak/dayflow/node_modules/compression': '/Users/vishwampathak/dayflow/node_modules/.compression-5DR65PUW',
735 silly reify   '/Users/vishwampathak/dayflow/node_modules/concat-stream': '/Users/vishwampathak/dayflow/node_modules/.concat-stream-zTPgYaLW',
735 silly reify   '/Users/vishwampathak/dayflow/node_modules/conf': '/Users/vishwampathak/dayflow/node_modules/.conf-TAE1VJUW',
735 silly reify   '/Users/vishwampathak/dayflow/node_modules/console-browserify': '/Users/vishwampathak/dayflow/node_modules/.console-browserify-eUR1zZOm',
735 silly reify   '/Users/vishwampathak/dayflow/node_modules/constants-browserify': '/Users/vishwampathak/dayflow/node_modules/.constants-browserify-epUHkQ7S',
735 silly reify   '/Users/vishwampathak/dayflow/node_modules/copy-concurrently': '/Users/vishwampathak/dayflow/node_modules/.copy-concurrently-7q57cPKb',
735 silly reify   '/Users/vishwampathak/dayflow/node_modules/copy-descriptor': '/Users/vishwampathak/dayflow/node_modules/.copy-descriptor-9E3Oj8pZ',
735 silly reify   '/Users/vishwampathak/dayflow/node_modules/core-js-compat': '/Users/vishwampathak/dayflow/node_modules/.core-js-compat-zgpReow4',
735 silly reify   '/Users/vishwampathak/dayflow/node_modules/core-util-is': '/Users/vishwampathak/dayflow/node_modules/.core-util-is-a9oh7z1f',
735 silly reify   '/Users/vishwampathak/dayflow/node_modules/create-ecdh': '/Users/vishwampathak/dayflow/node_modules/.create-ecdh-CoVJDbXH',
735 silly reify   '/Users/vishwampathak/dayflow/node_modules/create-hash': '/Users/vishwampathak/dayflow/node_modules/.create-hash-c451wJ4k',
735 silly reify   '/Users/vishwampathak/dayflow/node_modules/create-hmac': '/Users/vishwampathak/dayflow/node_modules/.create-hmac-SmfIr1TZ',
735 silly reify   '/Users/vishwampathak/dayflow/node_modules/cross-fetch': '/Users/vishwampathak/dayflow/node_modules/.cross-fetch-eQBSHZEm',
735 silly reify   '/Users/vishwampathak/dayflow/node_modules/crypto-browserify': '/Users/vishwampathak/dayflow/node_modules/.crypto-browserify-9ABqGCoU',
735 silly reify   '/Users/vishwampathak/dayflow/node_modules/css': '/Users/vishwampathak/dayflow/node_modules/.css-QCi7vuRG',
735 silly reify   '/Users/vishwampathak/dayflow/node_modules/css-blank-pseudo': '/Users/vishwampathak/dayflow/node_modules/.css-blank-pseudo-ptEV8k5b',
735 silly reify   '/Users/vishwampathak/dayflow/node_modules/.bin/css-blank-pseudo': '/Users/vishwampathak/dayflow/node_modules/.bin/.css-blank-pseudo-JkXs754j',
735 silly reify   '/Users/vishwampathak/dayflow/node_modules/css-has-pseudo': '/Users/vishwampathak/dayflow/node_modules/.css-has-pseudo-nbHAM9tf',
735 silly reify   '/Users/vishwampathak/dayflow/node_modules/.bin/css-has-pseudo': '/Users/vishwampathak/dayflow/node_modules/.bin/.css-has-pseudo-miBaTa5r',
735 silly reify   '/Users/vishwampathak/dayflow/node_modules/css-loader': '/Users/vishwampathak/dayflow/node_modules/.css-loader-mM8RuJsv',
735 silly reify   '/Users/vishwampathak/dayflow/node_modules/css-prefers-color-scheme': '/Users/vishwampathak/dayflow/node_modules/.css-prefers-color-scheme-Ik7QVt7E',
735 silly reify   '/Users/vishwampathak/dayflow/node_modules/.bin/css-prefers-color-scheme': '/Users/vishwampathak/dayflow/node_modules/.bin/.css-prefers-color-scheme-Zik2qjxj',
735 silly reify   '/Users/vishwampathak/dayflow/node_modules/cssdb': '/Users/vishwampathak/dayflow/node_modules/.cssdb-6QP9QAGx',
735 silly reify   '/Users/vishwampathak/dayflow/node_modules/cssnano-preset-simple': '/Users/vishwampathak/dayflow/node_modules/.cssnano-preset-simple-AWJsXrXn',
735 silly reify   '/Users/vishwampathak/dayflow/node_modules/cssnano-simple': '/Users/vishwampathak/dayflow/node_modules/.cssnano-simple-3r05qiOG',
735 silly reify   '/Users/vishwampathak/dayflow/node_modules/cyclist': '/Users/vishwampathak/dayflow/node_modules/.cyclist-6hpyHReE',
735 silly reify   '/Users/vishwampathak/dayflow/node_modules/d': '/Users/vishwampathak/dayflow/node_modules/.d-uLNR2iqj',
735 silly reify   '/Users/vishwampathak/dayflow/node_modules/decode-uri-component': '/Users/vishwampathak/dayflow/node_modules/.decode-uri-component-UQKvZCcg',
735 silly reify   '/Users/vishwampathak/dayflow/node_modules/defaults': '/Users/vishwampathak/dayflow/node_modules/.defaults-RVP4Stpm',
735 silly reify   '/Users/vishwampathak/dayflow/node_modules/define-property': '/Users/vishwampathak/dayflow/node_modules/.define-property-Byh1HxQg',
735 silly reify   '/Users/vishwampathak/dayflow/node_modules/del': '/Users/vishwampathak/dayflow/node_modules/.del-dbKj6bcZ',
735 silly reify   '/Users/vishwampathak/dayflow/node_modules/des.js': '/Users/vishwampathak/dayflow/node_modules/.des.js-OOPmtBES',
735 silly reify   '/Users/vishwampathak/dayflow/node_modules/destroy': '/Users/vishwampathak/dayflow/node_modules/.destroy-0f40indB',
735 silly reify   '/Users/vishwampathak/dayflow/node_modules/devalue': '/Users/vishwampathak/dayflow/node_modules/.devalue-Gg76Fbpw',
735 silly reify   '/Users/vishwampathak/dayflow/node_modules/diffie-hellman': '/Users/vishwampathak/dayflow/node_modules/.diffie-hellman-1Kiov884',
735 silly reify   '/Users/vishwampathak/dayflow/node_modules/dom-serializer': '/Users/vishwampathak/dayflow/node_modules/.dom-serializer-USaSlIND',
735 silly reify   '/Users/vishwampathak/dayflow/node_modules/domain-browser': '/Users/vishwampathak/dayflow/node_modules/.domain-browser-CW5VuiCu',
735 silly reify   '/Users/vishwampathak/dayflow/node_modules/domelementtype': '/Users/vishwampathak/dayflow/node_modules/.domelementtype-SqKi5S7q',
735 silly reify   '/Users/vishwampathak/dayflow/node_modules/domhandler': '/Users/vishwampathak/dayflow/node_modules/.domhandler-WCxe45S3',
735 silly reify   '/Users/vishwampathak/dayflow/node_modules/domutils': '/Users/vishwampathak/dayflow/node_modules/.domutils-Ddbe5mAo',
735 silly reify   '/Users/vishwampathak/dayflow/node_modules/dot-prop': '/Users/vishwampathak/dayflow/node_modules/.dot-prop-u7ApfCZ5',
735 silly reify   '/Users/vishwampathak/dayflow/node_modules/duplexer': '/Users/vishwampathak/dayflow/node_modules/.duplexer-3kwKgXIx',
735 silly reify   '/Users/vishwampathak/dayflow/node_modules/duplexify': '/Users/vishwampathak/dayflow/node_modules/.duplexify-rusN8X6Q',
735 silly reify   '/Users/vishwampathak/dayflow/node_modules/ecdsa-sig-formatter': '/Users/vishwampathak/dayflow/node_modules/.ecdsa-sig-formatter-01gEMJTF',
735 silly reify   '/Users/vishwampathak/dayflow/node_modules/elliptic': '/Users/vishwampathak/dayflow/node_modules/.elliptic-bawRwRHq',
735 silly reify   '/Users/vishwampathak/dayflow/node_modules/emojis-list': '/Users/vishwampathak/dayflow/node_modules/.emojis-list-a7M1eaoy',
735 silly reify   '/Users/vishwampathak/dayflow/node_modules/end-of-stream': '/Users/vishwampathak/dayflow/node_modules/.end-of-stream-1diOMblp',
735 silly reify   '/Users/vishwampathak/dayflow/node_modules/entities': '/Users/vishwampathak/dayflow/node_modules/.entities-tOqtNbXT',
735 silly reify   '/Users/vishwampathak/dayflow/node_modules/errno': '/Users/vishwampathak/dayflow/node_modules/.errno-aoSMOSUX',
735 silly reify   '/Users/vishwampathak/dayflow/node_modules/.bin/errno': '/Users/vishwampathak/dayflow/node_modules/.bin/.errno-pHRrBDMK',
735 silly reify   '/Users/vishwampathak/dayflow/node_modules/es5-ext': '/Users/vishwampathak/dayflow/node_modules/.es5-ext-QHhDjGoz',
735 silly reify   '/Users/vishwampathak/dayflow/node_modules/es6-iterator': '/Users/vishwampathak/dayflow/node_modules/.es6-iterator-NDElOT6x',
735 silly reify   '/Users/vishwampathak/dayflow/node_modules/es6-symbol': '/Users/vishwampathak/dayflow/node_modules/.es6-symbol-m8mCSD4J',
735 silly reify   '/Users/vishwampathak/dayflow/node_modules/esniff': '/Users/vishwampathak/dayflow/node_modules/.esniff-WS7wnd0y',
735 silly reify   '/Users/vishwampathak/dayflow/node_modules/event-emitter': '/Users/vishwampathak/dayflow/node_modules/.event-emitter-ZJfMvSRm',
735 silly reify   '/Users/vishwampathak/dayflow/node_modules/eventemitter3': '/Users/vishwampathak/dayflow/node_modules/.eventemitter3-YtlLSDas',
735 silly reify   '/Users/vishwampathak/dayflow/node_modules/events': '/Users/vishwampathak/dayflow/node_modules/.events-eWwgdZia',
735 silly reify   '/Users/vishwampathak/dayflow/node_modules/evp_bytestokey': '/Users/vishwampathak/dayflow/node_modules/.evp_bytestokey-NCGz8hyg',
735 silly reify   '/Users/vishwampathak/dayflow/node_modules/expand-brackets': '/Users/vishwampathak/dayflow/node_modules/.expand-brackets-uTTENLZs',
735 silly reify   '/Users/vishwampathak/dayflow/node_modules/ext': '/Users/vishwampathak/dayflow/node_modules/.ext-O0dh0zci',
735 silly reify   '/Users/vishwampathak/dayflow/node_modules/extend-shallow': '/Users/vishwampathak/dayflow/node_modules/.extend-shallow-3VkgtsMG',
735 silly reify   '/Users/vishwampathak/dayflow/node_modules/extglob': '/Users/vishwampathak/dayflow/node_modules/.extglob-imPFXMs0',
735 silly reify   '/Users/vishwampathak/dayflow/node_modules/figgy-pudding': '/Users/vishwampathak/dayflow/node_modules/.figgy-pudding-xYJLSsEl',
735 silly reify   '/Users/vishwampathak/dayflow/node_modules/file-loader': '/Users/vishwampathak/dayflow/node_modules/.file-loader-JPdbslR3',
735 silly reify   '/Users/vishwampathak/dayflow/node_modules/file-uri-to-path': '/Users/vishwampathak/dayflow/node_modules/.file-uri-to-path-LMafwyxz',
735 silly reify   '/Users/vishwampathak/dayflow/node_modules/finally-polyfill': '/Users/vishwampathak/dayflow/node_modules/.finally-polyfill-vB1RkOIf',
735 silly reify   '/Users/vishwampathak/dayflow/node_modules/find-cache-dir': '/Users/vishwampathak/dayflow/node_modules/.find-cache-dir-UvZ1EVzd',
735 silly reify   '/Users/vishwampathak/dayflow/node_modules/flatten': '/Users/vishwampathak/dayflow/node_modules/.flatten-cAjnYi3W',
735 silly reify   '/Users/vishwampathak/dayflow/node_modules/flush-write-stream': '/Users/vishwampathak/dayflow/node_modules/.flush-write-stream-YxT8qcSC',
735 silly reify   '/Users/vishwampathak/dayflow/node_modules/follow-redirects': '/Users/vishwampathak/dayflow/node_modules/.follow-redirects-ocikqY97',
735 silly reify   '/Users/vishwampathak/dayflow/node_modules/for-in': '/Users/vishwampathak/dayflow/node_modules/.for-in-FkSBoIg5',
735 silly reify   '/Users/vishwampathak/dayflow/node_modules/fork-ts-checker-webpack-plugin': '/Users/vishwampathak/dayflow/node_modules/.fork-ts-checker-webpack-plugin-UdVThWAy',
735 silly reify   '/Users/vishwampathak/dayflow/node_modules/fragment-cache': '/Users/vishwampathak/dayflow/node_modules/.fragment-cache-F5LORqnY',
735 silly reify   '/Users/vishwampathak/dayflow/node_modules/from2': '/Users/vishwampathak/dayflow/node_modules/.from2-ays0OHvS',
735 silly reify   '/Users/vishwampathak/dayflow/node_modules/fs-write-stream-atomic': '/Users/vishwampathak/dayflow/node_modules/.fs-write-stream-atomic-QOzShyP1',
735 silly reify   '/Users/vishwampathak/dayflow/node_modules/fs.realpath': '/Users/vishwampathak/dayflow/node_modules/.fs.realpath-GbgNewPH',
735 silly reify   '/Users/vishwampathak/dayflow/node_modules/fsevents': '/Users/vishwampathak/dayflow/node_modules/.fsevents-nugCXR5I',
735 silly reify   '/Users/vishwampathak/dayflow/node_modules/get-value': '/Users/vishwampathak/dayflow/node_modules/.get-value-SsklQz4X',
735 silly reify   '/Users/vishwampathak/dayflow/node_modules/glob': '/Users/vishwampathak/dayflow/node_modules/.glob-hwpVgH5I',
735 silly reify   '/Users/vishwampathak/dayflow/node_modules/glob-to-regexp': '/Users/vishwampathak/dayflow/node_modules/.glob-to-regexp-c8Gb5Cau',
735 silly reify   '/Users/vishwampathak/dayflow/node_modules/globby': '/Users/vishwampathak/dayflow/node_modules/.globby-K9j4IFlu',
735 silly reify   '/Users/vishwampathak/dayflow/node_modules/gzip-size': '/Users/vishwampathak/dayflow/node_modules/.gzip-size-0pV7hQfA',
735 silly reify   '/Users/vishwampathak/dayflow/node_modules/has': '/Users/vishwampathak/dayflow/node_modules/.has-BrOMQckk',
735 silly reify   '/Users/vishwampathak/dayflow/node_modules/has-ansi': '/Users/vishwampathak/dayflow/node_modules/.has-ansi-nie6KmY4',
735 silly reify   '/Users/vishwampathak/dayflow/node_modules/has-value': '/Users/vishwampathak/dayflow/node_modules/.has-value-s8uwpXZJ',
735 silly reify   '/Users/vishwampathak/dayflow/node_modules/has-values': '/Users/vishwampathak/dayflow/node_modules/.has-values-Mkm9nGVz',
735 silly reify   '/Users/vishwampathak/dayflow/node_modules/hash-base': '/Users/vishwampathak/dayflow/node_modules/.hash-base-WdgWeEnT',
735 silly reify   '/Users/vishwampathak/dayflow/node_modules/hash.js': '/Users/vishwampathak/dayflow/node_modules/.hash.js-iOmFxruX',
735 silly reify   '/Users/vishwampathak/dayflow/node_modules/hmac-drbg': '/Users/vishwampathak/dayflow/node_modules/.hmac-drbg-GGFiu12d',
735 silly reify   '/Users/vishwampathak/dayflow/node_modules/hosted-git-info': '/Users/vishwampathak/dayflow/node_modules/.hosted-git-info-kBToP46N',
735 silly reify   '/Users/vishwampathak/dayflow/node_modules/html-entities': '/Users/vishwampathak/dayflow/node_modules/.html-entities-4yyp3mcK',
735 silly reify   '/Users/vishwampathak/dayflow/node_modules/htmlparser2': '/Users/vishwampathak/dayflow/node_modules/.htmlparser2-dmnJtdwh',
735 silly reify   '/Users/vishwampathak/dayflow/node_modules/http-proxy': '/Users/vishwampathak/dayflow/node_modules/.http-proxy-qSV8ZtaY',
735 silly reify   '/Users/vishwampathak/dayflow/node_modules/https-browserify': '/Users/vishwampathak/dayflow/node_modules/.https-browserify-pgRVRAjl',
735 silly reify   '/Users/vishwampathak/dayflow/node_modules/icss-utils': '/Users/vishwampathak/dayflow/node_modules/.icss-utils-wyK2GMjS',
735 silly reify   '/Users/vishwampathak/dayflow/node_modules/ieee754': '/Users/vishwampathak/dayflow/node_modules/.ieee754-yuVEfFP3',
735 silly reify   '/Users/vishwampathak/dayflow/node_modules/iferr': '/Users/vishwampathak/dayflow/node_modules/.iferr-n0PvS6NQ',
735 silly reify   '/Users/vishwampathak/dayflow/node_modules/ignore-loader': '/Users/vishwampathak/dayflow/node_modules/.ignore-loader-Rt8Oho7C',
735 silly reify   '/Users/vishwampathak/dayflow/node_modules/import-cwd': '/Users/vishwampathak/dayflow/node_modules/.import-cwd-dO6kkQRd',
735 silly reify   '/Users/vishwampathak/dayflow/node_modules/import-from': '/Users/vishwampathak/dayflow/node_modules/.import-from-dxjYwnxg',
735 silly reify   '/Users/vishwampathak/dayflow/node_modules/indexes-of': '/Users/vishwampathak/dayflow/node_modules/.indexes-of-TAeVfjKo',
735 silly reify   '/Users/vishwampathak/dayflow/node_modules/infer-owner': '/Users/vishwampathak/dayflow/node_modules/.infer-owner-MTdrh69S',
735 silly reify   '/Users/vishwampathak/dayflow/node_modules/inflight': '/Users/vishwampathak/dayflow/node_modules/.inflight-iHh53J2v',
735 silly reify   '/Users/vishwampathak/dayflow/node_modules/invariant': '/Users/vishwampathak/dayflow/node_modules/.invariant-AJvpi54n',
735 silly reify   '/Users/vishwampathak/dayflow/node_modules/is-accessor-descriptor': '/Users/vishwampathak/dayflow/node_modules/.is-accessor-descriptor-6ElJKSlv',
735 silly reify   '/Users/vishwampathak/dayflow/node_modules/is-binary-path': '/Users/vishwampathak/dayflow/node_modules/.is-binary-path-2uCvphOX',
735 silly reify   '/Users/vishwampathak/dayflow/node_modules/is-buffer': '/Users/vishwampathak/dayflow/node_modules/.is-buffer-gRSUnbtg',
735 silly reify   '/Users/vishwampathak/dayflow/node_modules/is-data-descriptor': '/Users/vishwampathak/dayflow/node_modules/.is-data-descriptor-Fj9dWg7f',
735 silly reify   '/Users/vishwampathak/dayflow/node_modules/is-descriptor': '/Users/vishwampathak/dayflow/node_modules/.is-descriptor-orZOQhv7',
735 silly reify   '/Users/vishwampathak/dayflow/node_modules/is-directory': '/Users/vishwampathak/dayflow/node_modules/.is-directory-B3mBEFXE',
735 silly reify   '/Users/vishwampathak/dayflow/node_modules/is-extendable': '/Users/vishwampathak/dayflow/node_modules/.is-extendable-5tNu1nSQ',
735 silly reify   '/Users/vishwampathak/dayflow/node_modules/is-path-cwd': '/Users/vishwampathak/dayflow/node_modules/.is-path-cwd-DEqEptuI',
735 silly reify   '/Users/vishwampathak/dayflow/node_modules/is-path-in-cwd': '/Users/vishwampathak/dayflow/node_modules/.is-path-in-cwd-ULLyjxNi',
735 silly reify   '/Users/vishwampathak/dayflow/node_modules/is-path-inside': '/Users/vishwampathak/dayflow/node_modules/.is-path-inside-SDJ8BMgh',
735 silly reify   '/Users/vishwampathak/dayflow/node_modules/is-plain-object': '/Users/vishwampathak/dayflow/node_modules/.is-plain-object-lxHg0Eys',
735 silly reify   '/Users/vishwampathak/dayflow/node_modules/is-typedarray': '/Users/vishwampathak/dayflow/node_modules/.is-typedarray-hYvS2btB',
735 silly reify   '/Users/vishwampathak/dayflow/node_modules/is-windows': '/Users/vishwampathak/dayflow/node_modules/.is-windows-hcP1WEj7',
735 silly reify   '/Users/vishwampathak/dayflow/node_modules/isobject': '/Users/vishwampathak/dayflow/node_modules/.isobject-oxTBpaWQ',
735 silly reify   '/Users/vishwampathak/dayflow/node_modules/jest-worker': '/Users/vishwampathak/dayflow/node_modules/.jest-worker-IyiXYDrG',
735 silly reify   '/Users/vishwampathak/dayflow/node_modules/js-levenshtein': '/Users/vishwampathak/dayflow/node_modules/.js-levenshtein-rnxi96Ox',
735 silly reify   '/Users/vishwampathak/dayflow/node_modules/json-parse-better-errors': '/Users/vishwampathak/dayflow/node_modules/.json-parse-better-errors-PekujIYd',
735 silly reify   '/Users/vishwampathak/dayflow/node_modules/jsonwebtoken': '/Users/vishwampathak/dayflow/node_modules/.jsonwebtoken-kUfbfKmQ',
735 silly reify   '/Users/vishwampathak/dayflow/node_modules/jwa': '/Users/vishwampathak/dayflow/node_modules/.jwa-ZkbSYiIv',
735 silly reify   '/Users/vishwampathak/dayflow/node_modules/jws': '/Users/vishwampathak/dayflow/node_modules/.jws-djkSLZkB',
735 silly reify   '/Users/vishwampathak/dayflow/node_modules/kind-of': '/Users/vishwampathak/dayflow/node_modules/.kind-of-VJSgXJDn',
735 silly reify   '/Users/vishwampathak/dayflow/node_modules/launch-editor': '/Users/vishwampathak/dayflow/node_modules/.launch-editor-RGxikRTq',
735 silly reify   '/Users/vishwampathak/dayflow/node_modules/load-json-file': '/Users/vishwampathak/dayflow/node_modules/.load-json-file-HHMek9WN',
735 silly reify   '/Users/vishwampathak/dayflow/node_modules/loader-runner': '/Users/vishwampathak/dayflow/node_modules/.loader-runner-KOBnIjhY',
735 silly reify   '/Users/vishwampathak/dayflow/node_modules/loader-utils': '/Users/vishwampathak/dayflow/node_modules/.loader-utils-Pq8rdQYE',
735 silly reify   '/Users/vishwampathak/dayflow/node_modules/lodash': '/Users/vishwampathak/dayflow/node_modules/.lodash-XOB816bq',
735 silly reify   '/Users/vishwampathak/dayflow/node_modules/lodash.curry': '/Users/vishwampathak/dayflow/node_modules/.lodash.curry-MeRPqLwu',
735 silly reify   '/Users/vishwampathak/dayflow/node_modules/lodash.includes': '/Users/vishwampathak/dayflow/node_modules/.lodash.includes-yklrSxHc',
735 silly reify   '/Users/vishwampathak/dayflow/node_modules/lodash.isboolean': '/Users/vishwampathak/dayflow/node_modules/.lodash.isboolean-pSG4xIAD',
735 silly reify   '/Users/vishwampathak/dayflow/node_modules/lodash.isinteger': '/Users/vishwampathak/dayflow/node_modules/.lodash.isinteger-AkyeCoDh',
735 silly reify   '/Users/vishwampathak/dayflow/node_modules/lodash.isnumber': '/Users/vishwampathak/dayflow/node_modules/.lodash.isnumber-nhb81HKr',
735 silly reify   '/Users/vishwampathak/dayflow/node_modules/lodash.isplainobject': '/Users/vishwampathak/dayflow/node_modules/.lodash.isplainobject-yr4VFUWP',
735 silly reify   '/Users/vishwampathak/dayflow/node_modules/lodash.isstring': '/Users/vishwampathak/dayflow/node_modules/.lodash.isstring-cgayJi3n',
735 silly reify   '/Users/vishwampathak/dayflow/node_modules/lodash.once': '/Users/vishwampathak/dayflow/node_modules/.lodash.once-DFxPceAO',
735 silly reify   '/Users/vishwampathak/dayflow/node_modules/make-dir': '/Users/vishwampathak/dayflow/node_modules/.make-dir-ZVYZXurE',
735 silly reify   '/Users/vishwampathak/dayflow/node_modules/mamacro': '/Users/vishwampathak/dayflow/node_modules/.mamacro-j56OtWqE',
735 silly reify   '/Users/vishwampathak/dayflow/node_modules/map-cache': '/Users/vishwampathak/dayflow/node_modules/.map-cache-gVYMNbC4',
735 silly reify   '/Users/vishwampathak/dayflow/node_modules/map-visit': '/Users/vishwampathak/dayflow/node_modules/.map-visit-k28w2Fmu',
735 silly reify   '/Users/vishwampathak/dayflow/node_modules/md5.js': '/Users/vishwampathak/dayflow/node_modules/.md5.js-ag2Fxacm',
735 silly reify   '/Users/vishwampathak/dayflow/node_modules/memory-fs': '/Users/vishwampathak/dayflow/node_modules/.memory-fs-XMm4KHBQ',
735 silly reify   '/Users/vishwampathak/dayflow/node_modules/microevent.ts': '/Users/vishwampathak/dayflow/node_modules/.microevent.ts-2Azv1qNH',
735 silly reify   '/Users/vishwampathak/dayflow/node_modules/miller-rabin': '/Users/vishwampathak/dayflow/node_modules/.miller-rabin-lhY27fFY',
735 silly reify   '/Users/vishwampathak/dayflow/node_modules/.bin/miller-rabin': '/Users/vishwampathak/dayflow/node_modules/.bin/.miller-rabin-ommRzDS9',
735 silly reify   '/Users/vishwampathak/dayflow/node_modules/mime': '/Users/vishwampathak/dayflow/node_modules/.mime-svvg01m5',
735 silly reify   '/Users/vishwampathak/dayflow/node_modules/.bin/mime': '/Users/vishwampathak/dayflow/node_modules/.bin/.mime-VbVN2WZ3',
735 silly reify   '/Users/vishwampathak/dayflow/node_modules/mini-css-extract-plugin': '/Users/vishwampathak/dayflow/node_modules/.mini-css-extract-plugin-onsH3Q0S',
735 silly reify   '/Users/vishwampathak/dayflow/node_modules/minimalistic-assert': '/Users/vishwampathak/dayflow/node_modules/.minimalistic-assert-e7gl4ht0',
735 silly reify   '/Users/vishwampathak/dayflow/node_modules/minimalistic-crypto-utils': '/Users/vishwampathak/dayflow/node_modules/.minimalistic-crypto-utils-cnn6lhBO',
735 silly reify   '/Users/vishwampathak/dayflow/node_modules/mississippi': '/Users/vishwampathak/dayflow/node_modules/.mississippi-bCpoaEk9',
735 silly reify   '/Users/vishwampathak/dayflow/node_modules/mixin-deep': '/Users/vishwampathak/dayflow/node_modules/.mixin-deep-vprKiYEr',
735 silly reify   '/Users/vishwampathak/dayflow/node_modules/mkdirp': '/Users/vishwampathak/dayflow/node_modules/.mkdirp-vjqAmzvp',
735 silly reify   '/Users/vishwampathak/dayflow/node_modules/.bin/mkdirp': '/Users/vishwampathak/dayflow/node_modules/.bin/.mkdirp-97XHnzsX',
735 silly reify   '/Users/vishwampathak/dayflow/node_modules/move-concurrently': '/Users/vishwampathak/dayflow/node_modules/.move-concurrently-m9nJeAp2',
735 silly reify   '/Users/vishwampathak/dayflow/node_modules/nan': '/Users/vishwampathak/dayflow/node_modules/.nan-XGG7G3lb',
735 silly reify   '/Users/vishwampathak/dayflow/node_modules/nanomatch': '/Users/vishwampathak/dayflow/node_modules/.nanomatch-UM35UEtr',
735 silly reify   '/Users/vishwampathak/dayflow/node_modules/native-url': '/Users/vishwampathak/dayflow/node_modules/.native-url-Ysi1o2bC',
735 silly reify   '/Users/vishwampathak/dayflow/node_modules/neo-async': '/Users/vishwampathak/dayflow/node_modules/.neo-async-5sQFgDJs',
735 silly reify   '/Users/vishwampathak/dayflow/node_modules/next': '/Users/vishwampathak/dayflow/node_modules/.next-K9nSzgP7',
735 silly reify   '/Users/vishwampathak/dayflow/node_modules/.bin/next': '/Users/vishwampathak/dayflow/node_modules/.bin/.next-2fXKnaNa',
735 silly reify   '/Users/vishwampathak/dayflow/node_modules/next-tick': '/Users/vishwampathak/dayflow/node_modules/.next-tick-NVcaA8Uq',
735 silly reify   '/Users/vishwampathak/dayflow/node_modules/node-libs-browser': '/Users/vishwampathak/dayflow/node_modules/.node-libs-browser-jsEzP7V2',
735 silly reify   '/Users/vishwampathak/dayflow/node_modules/normalize-html-whitespace': '/Users/vishwampathak/dayflow/node_modules/.normalize-html-whitespace-uBh8Bd7Q',
735 silly reify   '/Users/vishwampathak/dayflow/node_modules/normalize-package-data': '/Users/vishwampathak/dayflow/node_modules/.normalize-package-data-5fn4VXQU',
735 silly reify   '/Users/vishwampathak/dayflow/node_modules/normalize-path': '/Users/vishwampathak/dayflow/node_modules/.normalize-path-QZGE7Hio',
735 silly reify   '/Users/vishwampathak/dayflow/node_modules/normalize-range': '/Users/vishwampathak/dayflow/node_modules/.normalize-range-QZpU3WVu',
735 silly reify   '/Users/vishwampathak/dayflow/node_modules/normalize-url': '/Users/vishwampathak/dayflow/node_modules/.normalize-url-kFnbOgTF',
735 silly reify   '/Users/vishwampathak/dayflow/node_modules/num2fraction': '/Users/vishwampathak/dayflow/node_modules/.num2fraction-vFZH7SxS',
735 silly reify   '/Users/vishwampathak/dayflow/node_modules/object-copy': '/Users/vishwampathak/dayflow/node_modules/.object-copy-xbeOXuol',
735 silly reify   '/Users/vishwampathak/dayflow/node_modules/object-path': '/Users/vishwampathak/dayflow/node_modules/.object-path-daU5miV5',
735 silly reify   '/Users/vishwampathak/dayflow/node_modules/object-visit': '/Users/vishwampathak/dayflow/node_modules/.object-visit-KowvNeYI',
735 silly reify   '/Users/vishwampathak/dayflow/node_modules/object.pick': '/Users/vishwampathak/dayflow/node_modules/.object.pick-S0sy1N2H',
735 silly reify   '/Users/vishwampathak/dayflow/node_modules/on-headers': '/Users/vishwampathak/dayflow/node_modules/.on-headers-B83vlMpT',
735 silly reify   '/Users/vishwampathak/dayflow/node_modules/os-browserify': '/Users/vishwampathak/dayflow/node_modules/.os-browserify-uVtzZ7QJ',
735 silly reify   '/Users/vishwampathak/dayflow/node_modules/p-map': '/Users/vishwampathak/dayflow/node_modules/.p-map-cERghZ07',
735 silly reify   '/Users/vishwampathak/dayflow/node_modules/p-try': '/Users/vishwampathak/dayflow/node_modules/.p-try-vxxrcdhi',
735 silly reify   '/Users/vishwampathak/dayflow/node_modules/pako': '/Users/vishwampathak/dayflow/node_modules/.pako-UDNqt408',
735 silly reify   '/Users/vishwampathak/dayflow/node_modules/parallel-transform': '/Users/vishwampathak/dayflow/node_modules/.parallel-transform-mBl7e5if',
735 silly reify   '/Users/vishwampathak/dayflow/node_modules/parse-asn1': '/Users/vishwampathak/dayflow/node_modules/.parse-asn1-sXd3CCaU',
735 silly reify   '/Users/vishwampathak/dayflow/node_modules/pascalcase': '/Users/vishwampathak/dayflow/node_modules/.pascalcase-S4RdrL2Q',
735 silly reify   '/Users/vishwampathak/dayflow/node_modules/path-dirname': '/Users/vishwampathak/dayflow/node_modules/.path-dirname-apTdhqse',
735 silly reify   '/Users/vishwampathak/dayflow/node_modules/path-is-absolute': '/Users/vishwampathak/dayflow/node_modules/.path-is-absolute-MszTIxXM',
735 silly reify   '/Users/vishwampathak/dayflow/node_modules/path-is-inside': '/Users/vishwampathak/dayflow/node_modules/.path-is-inside-hsIGbioq',
735 silly reify   '/Users/vishwampathak/dayflow/node_modules/path-type': '/Users/vishwampathak/dayflow/node_modules/.path-type-825Ly1Wi',
735 silly reify   '/Users/vishwampathak/dayflow/node_modules/pbkdf2': '/Users/vishwampathak/dayflow/node_modules/.pbkdf2-kBzFsiMy',
735 silly reify   '/Users/vishwampathak/dayflow/node_modules/pify': '/Users/vishwampathak/dayflow/node_modules/.pify-5G92Ocha',
735 silly reify   '/Users/vishwampathak/dayflow/node_modules/pinkie': '/Users/vishwampathak/dayflow/node_modules/.pinkie-W03C1Fzp',
735 silly reify   '/Users/vishwampathak/dayflow/node_modules/pinkie-promise': '/Users/vishwampathak/dayflow/node_modules/.pinkie-promise-gXpLuCr7',
735 silly reify   '/Users/vishwampathak/dayflow/node_modules/pkg-dir': '/Users/vishwampathak/dayflow/node_modules/.pkg-dir-pdGbbFOe',
735 silly reify   '/Users/vishwampathak/dayflow/node_modules/pkg-up': '/Users/vishwampathak/dayflow/node_modules/.pkg-up-Eo0lqJNi',
735 silly reify   '/Users/vishwampathak/dayflow/node_modules/pnp-webpack-plugin': '/Users/vishwampathak/dayflow/node_modules/.pnp-webpack-plugin-v6MwrwXv',
735 silly reify   '/Users/vishwampathak/dayflow/node_modules/posix-character-classes': '/Users/vishwampathak/dayflow/node_modules/.posix-character-classes-4awNH5sk',
735 silly reify   '/Users/vishwampathak/dayflow/node_modules/postcss-attribute-case-insensitive': '/Users/vishwampathak/dayflow/node_modules/.postcss-attribute-case-insensitive-RJBZLlCR',
735 silly reify   '/Users/vishwampathak/dayflow/node_modules/postcss-color-functional-notation': '/Users/vishwampathak/dayflow/node_modules/.postcss-color-functional-notation-QnePUilf',
735 silly reify   '/Users/vishwampathak/dayflow/node_modules/postcss-color-gray': '/Users/vishwampathak/dayflow/node_modules/.postcss-color-gray-hYCZlNPa',
735 silly reify   '/Users/vishwampathak/dayflow/node_modules/postcss-color-hex-alpha': '/Users/vishwampathak/dayflow/node_modules/.postcss-color-hex-alpha-TkoAgKFJ',
735 silly reify   '/Users/vishwampathak/dayflow/node_modules/postcss-color-mod-function': '/Users/vishwampathak/dayflow/node_modules/.postcss-color-mod-function-l7Qr5EHx',
735 silly reify   '/Users/vishwampathak/dayflow/node_modules/postcss-color-rebeccapurple': '/Users/vishwampathak/dayflow/node_modules/.postcss-color-rebeccapurple-LhFAPJTx',
735 silly reify   '/Users/vishwampathak/dayflow/node_modules/postcss-custom-media': '/Users/vishwampathak/dayflow/node_modules/.postcss-custom-media-ZAgV7a50',
735 silly reify   '/Users/vishwampathak/dayflow/node_modules/postcss-custom-properties': '/Users/vishwampathak/dayflow/node_modules/.postcss-custom-properties-9aiJ7aPS',
735 silly reify   '/Users/vishwampathak/dayflow/node_modules/postcss-custom-selectors': '/Users/vishwampathak/dayflow/node_modules/.postcss-custom-selectors-SMuCdcrZ',
735 silly reify   '/Users/vishwampathak/dayflow/node_modules/postcss-dir-pseudo-class': '/Users/vishwampathak/dayflow/node_modules/.postcss-dir-pseudo-class-t1sfmhlZ',
735 silly reify   '/Users/vishwampathak/dayflow/node_modules/postcss-double-position-gradients': '/Users/vishwampathak/dayflow/node_modules/.postcss-double-position-gradients-wKzdqVBX',
735 silly reify   '/Users/vishwampathak/dayflow/node_modules/postcss-env-function': '/Users/vishwampathak/dayflow/node_modules/.postcss-env-function-erfuUtr7',
735 silly reify   '/Users/vishwampathak/dayflow/node_modules/postcss-flexbugs-fixes': '/Users/vishwampathak/dayflow/node_modules/.postcss-flexbugs-fixes-xqbqH4kl',
735 silly reify   '/Users/vishwampathak/dayflow/node_modules/postcss-focus-visible': '/Users/vishwampathak/dayflow/node_modules/.postcss-focus-visible-E4wmfiYQ',
735 silly reify   '/Users/vishwampathak/dayflow/node_modules/postcss-focus-within': '/Users/vishwampathak/dayflow/node_modules/.postcss-focus-within-IWe4D8uz',
735 silly reify   '/Users/vishwampathak/dayflow/node_modules/postcss-font-variant': '/Users/vishwampathak/dayflow/node_modules/.postcss-font-variant-LV2QnoQs',
735 silly reify   '/Users/vishwampathak/dayflow/node_modules/postcss-gap-properties': '/Users/vishwampathak/dayflow/node_modules/.postcss-gap-properties-jxKvjPSt',
735 silly reify   '/Users/vishwampathak/dayflow/node_modules/postcss-image-set-function': '/Users/vishwampathak/dayflow/node_modules/.postcss-image-set-function-Nh9PEXS6',
735 silly reify   '/Users/vishwampathak/dayflow/node_modules/postcss-initial': '/Users/vishwampathak/dayflow/node_modules/.postcss-initial-FsXXWEVn',
735 silly reify   '/Users/vishwampathak/dayflow/node_modules/postcss-lab-function': '/Users/vishwampathak/dayflow/node_modules/.postcss-lab-function-jqg3iu30',
735 silly reify   '/Users/vishwampathak/dayflow/node_modules/postcss-load-config': '/Users/vishwampathak/dayflow/node_modules/.postcss-load-config-LPTiR2sC',
735 silly reify   '/Users/vishwampathak/dayflow/node_modules/postcss-loader': '/Users/vishwampathak/dayflow/node_modules/.postcss-loader-7XJLpAgm',
735 silly reify   '/Users/vishwampathak/dayflow/node_modules/postcss-logical': '/Users/vishwampathak/dayflow/node_modules/.postcss-logical-2t6FtjVb',
735 silly reify   '/Users/vishwampathak/dayflow/node_modules/postcss-media-minmax': '/Users/vishwampathak/dayflow/node_modules/.postcss-media-minmax-FUxEkZnD',
735 silly reify   '/Users/vishwampathak/dayflow/node_modules/postcss-modules-extract-imports': '/Users/vishwampathak/dayflow/node_modules/.postcss-modules-extract-imports-7evyZlYA',
735 silly reify   '/Users/vishwampathak/dayflow/node_modules/postcss-modules-local-by-default': '/Users/vishwampathak/dayflow/node_modules/.postcss-modules-local-by-default-X86GNHlA',
735 silly reify   '/Users/vishwampathak/dayflow/node_modules/postcss-modules-scope': '/Users/vishwampathak/dayflow/node_modules/.postcss-modules-scope-ht4QlggQ',
735 silly reify   '/Users/vishwampathak/dayflow/node_modules/postcss-modules-values': '/Users/vishwampathak/dayflow/node_modules/.postcss-modules-values-lagy0OoA',
735 silly reify   '/Users/vishwampathak/dayflow/node_modules/postcss-nesting': '/Users/vishwampathak/dayflow/node_modules/.postcss-nesting-xuzkRV5b',
735 silly reify   '/Users/vishwampathak/dayflow/node_modules/postcss-overflow-shorthand': '/Users/vishwampathak/dayflow/node_modules/.postcss-overflow-shorthand-sNO2OXc3',
735 silly reify   '/Users/vishwampathak/dayflow/node_modules/postcss-page-break': '/Users/vishwampathak/dayflow/node_modules/.postcss-page-break-QbKe40uc',
735 silly reify   '/Users/vishwampathak/dayflow/node_modules/postcss-place': '/Users/vishwampathak/dayflow/node_modules/.postcss-place-xoCcsb2T',
735 silly reify   '/Users/vishwampathak/dayflow/node_modules/postcss-preset-env': '/Users/vishwampathak/dayflow/node_modules/.postcss-preset-env-3vNUjibk',
735 silly reify   '/Users/vishwampathak/dayflow/node_modules/postcss-pseudo-class-any-link': '/Users/vishwampathak/dayflow/node_modules/.postcss-pseudo-class-any-link-C2z6d0yW',
735 silly reify   '/Users/vishwampathak/dayflow/node_modules/postcss-replace-overflow-wrap': '/Users/vishwampathak/dayflow/node_modules/.postcss-replace-overflow-wrap-fFXZBzdS',
735 silly reify   '/Users/vishwampathak/dayflow/node_modules/postcss-selector-matches': '/Users/vishwampathak/dayflow/node_modules/.postcss-selector-matches-6I3RcV1n',
735 silly reify   '/Users/vishwampathak/dayflow/node_modules/postcss-selector-not': '/Users/vishwampathak/dayflow/node_modules/.postcss-selector-not-4Fg885jV',
735 silly reify   '/Users/vishwampathak/dayflow/node_modules/postcss-value-parser': '/Users/vishwampathak/dayflow/node_modules/.postcss-value-parser-ozw5m57I',
735 silly reify   '/Users/vishwampathak/dayflow/node_modules/postcss-values-parser': '/Users/vishwampathak/dayflow/node_modules/.postcss-values-parser-Xum4p0kg',
735 silly reify   '/Users/vishwampathak/dayflow/node_modules/prepend-http': '/Users/vishwampathak/dayflow/node_modules/.prepend-http-uK83OLIq',
735 silly reify   '/Users/vishwampathak/dayflow/node_modules/private': '/Users/vishwampathak/dayflow/node_modules/.private-HbWXXmBb',
735 silly reify   '/Users/vishwampathak/dayflow/node_modules/process': '/Users/vishwampathak/dayflow/node_modules/.process-aByLWSTh',
735 silly reify   '/Users/vishwampathak/dayflow/node_modules/process-nextick-args': '/Users/vishwampathak/dayflow/node_modules/.process-nextick-args-NUFXxo9s',
735 silly reify   '/Users/vishwampathak/dayflow/node_modules/promise': '/Users/vishwampathak/dayflow/node_modules/.promise-ksk4oE8b',
735 silly reify   '/Users/vishwampathak/dayflow/node_modules/promise-inflight': '/Users/vishwampathak/dayflow/node_modules/.promise-inflight-cY0ZpW9x',
735 silly reify   '/Users/vishwampathak/dayflow/node_modules/prop-types-exact': '/Users/vishwampathak/dayflow/node_modules/.prop-types-exact-oUjn75IZ',
735 silly reify   '/Users/vishwampathak/dayflow/node_modules/prr': '/Users/vishwampathak/dayflow/node_modules/.prr-qrycRKGj',
735 silly reify   '/Users/vishwampathak/dayflow/node_modules/public-encrypt': '/Users/vishwampathak/dayflow/node_modules/.public-encrypt-8hyLnJ7B',
735 silly reify   '/Users/vishwampathak/dayflow/node_modules/pump': '/Users/vishwampathak/dayflow/node_modules/.pump-9U4JkguT',
735 silly reify   '/Users/vishwampathak/dayflow/node_modules/pumpify': '/Users/vishwampathak/dayflow/node_modules/.pumpify-Wp46UKEs',
735 silly reify   '/Users/vishwampathak/dayflow/node_modules/query-string': '/Users/vishwampathak/dayflow/node_modules/.query-string-DToaUirI',
735 silly reify   '/Users/vishwampathak/dayflow/node_modules/querystring': '/Users/vishwampathak/dayflow/node_modules/.querystring-4c6umPjR',
735 silly reify   '/Users/vishwampathak/dayflow/node_modules/querystring-es3': '/Users/vishwampathak/dayflow/node_modules/.querystring-es3-m9ET7Hg3',
735 silly reify   '/Users/vishwampathak/dayflow/node_modules/randombytes': '/Users/vishwampathak/dayflow/node_modules/.randombytes-7qDVIUGR',
735 silly reify   '/Users/vishwampathak/dayflow/node_modules/randomfill': '/Users/vishwampathak/dayflow/node_modules/.randomfill-iduwId5H',
735 silly reify   '/Users/vishwampathak/dayflow/node_modules/react-error-overlay': '/Users/vishwampathak/dayflow/node_modules/.react-error-overlay-DXNmvuLA',
735 silly reify   '/Users/vishwampathak/dayflow/node_modules/read-pkg': '/Users/vishwampathak/dayflow/node_modules/.read-pkg-RK7Vsdk2',
735 silly reify   '/Users/vishwampathak/dayflow/node_modules/readable-stream': '/Users/vishwampathak/dayflow/node_modules/.readable-stream-eTez77Oi',
735 silly reify   '/Users/vishwampathak/dayflow/node_modules/readdirp': '/Users/vishwampathak/dayflow/node_modules/.readdirp-mN7fvYba',
735 silly reify   '/Users/vishwampathak/dayflow/node_modules/reflect.ownkeys': '/Users/vishwampathak/dayflow/node_modules/.reflect.ownkeys-kVXphRZC',
735 silly reify   '/Users/vishwampathak/dayflow/node_modules/regenerate': '/Users/vishwampathak/dayflow/node_modules/.regenerate-uF43hJXz',
735 silly reify   '/Users/vishwampathak/dayflow/node_modules/regenerate-unicode-properties': '/Users/vishwampathak/dayflow/node_modules/.regenerate-unicode-properties-rCPspNFa',
735 silly reify   '/Users/vishwampathak/dayflow/node_modules/regenerator-runtime': '/Users/vishwampathak/dayflow/node_modules/.regenerator-runtime-p8Nk187l',
735 silly reify   '/Users/vishwampathak/dayflow/node_modules/regex-not': '/Users/vishwampathak/dayflow/node_modules/.regex-not-0UnCx9Qq',
735 silly reify   '/Users/vishwampathak/dayflow/node_modules/regex-parser': '/Users/vishwampathak/dayflow/node_modules/.regex-parser-8u7X5JRi',
735 silly reify   '/Users/vishwampathak/dayflow/node_modules/regexpu-core': '/Users/vishwampathak/dayflow/node_modules/.regexpu-core-fYfQWITN',
735 silly reify   '/Users/vishwampathak/dayflow/node_modules/regjsgen': '/Users/vishwampathak/dayflow/node_modules/.regjsgen-2bbWDxsf',
735 silly reify   '/Users/vishwampathak/dayflow/node_modules/regjsparser': '/Users/vishwampathak/dayflow/node_modules/.regjsparser-LSSQi66i',
735 silly reify   '/Users/vishwampathak/dayflow/node_modules/.bin/regjsparser': '/Users/vishwampathak/dayflow/node_modules/.bin/.regjsparser-dYWVaApN',
735 silly reify   '/Users/vishwampathak/dayflow/node_modules/remove-trailing-separator': '/Users/vishwampathak/dayflow/node_modules/.remove-trailing-separator-xN5WRRPY',
735 silly reify   '/Users/vishwampathak/dayflow/node_modules/repeat-element': '/Users/vishwampathak/dayflow/node_modules/.repeat-element-mMY0wq0u',
735 silly reify   '/Users/vishwampathak/dayflow/node_modules/repeat-string': '/Users/vishwampathak/dayflow/node_modules/.repeat-string-ZrvGfABg',
735 silly reify   '/Users/vishwampathak/dayflow/node_modules/requires-port': '/Users/vishwampathak/dayflow/node_modules/.requires-port-aCjnUzlh',
735 silly reify   '/Users/vishwampathak/dayflow/node_modules/resolve-url': '/Users/vishwampathak/dayflow/node_modules/.resolve-url-29hYxDEO',
735 silly reify   '/Users/vishwampathak/dayflow/node_modules/resolve-url-loader': '/Users/vishwampathak/dayflow/node_modules/.resolve-url-loader-drrtrjLG',
735 silly reify   '/Users/vishwampathak/dayflow/node_modules/ret': '/Users/vishwampathak/dayflow/node_modules/.ret-OlgISl4a',
735 silly reify   '/Users/vishwampathak/dayflow/node_modules/retry': '/Users/vishwampathak/dayflow/node_modules/.retry-51B9cthY',
735 silly reify   '/Users/vishwampathak/dayflow/node_modules/rework': '/Users/vishwampathak/dayflow/node_modules/.rework-38vQUMry',
735 silly reify   '/Users/vishwampathak/dayflow/node_modules/rework-visit': '/Users/vishwampathak/dayflow/node_modules/.rework-visit-54ECj1ti',
735 silly reify   '/Users/vishwampathak/dayflow/node_modules/rimraf': '/Users/vishwampathak/dayflow/node_modules/.rimraf-Wz7UvtCK',
735 silly reify   '/Users/vishwampathak/dayflow/node_modules/.bin/rimraf': '/Users/vishwampathak/dayflow/node_modules/.bin/.rimraf-6HycShUW',
735 silly reify   '/Users/vishwampathak/dayflow/node_modules/ripemd160': '/Users/vishwampathak/dayflow/node_modules/.ripemd160-Pj2vWlsH',
735 silly reify   '/Users/vishwampathak/dayflow/node_modules/run-queue': '/Users/vishwampathak/dayflow/node_modules/.run-queue-ca4EJJj0',
735 silly reify   '/Users/vishwampathak/dayflow/node_modules/safe-buffer': '/Users/vishwampathak/dayflow/node_modules/.safe-buffer-69Pv8JPK',
735 silly reify   '/Users/vishwampathak/dayflow/node_modules/safe-regex': '/Users/vishwampathak/dayflow/node_modules/.safe-regex-48ekXzTq',
735 silly reify   '/Users/vishwampathak/dayflow/node_modules/sass-loader': '/Users/vishwampathak/dayflow/node_modules/.sass-loader-WmcnQt2O',
735 silly reify   '/Users/vishwampathak/dayflow/node_modules/schema-utils': '/Users/vishwampathak/dayflow/node_modules/.schema-utils-uFh4UOwO',
735 silly reify   '/Users/vishwampathak/dayflow/node_modules/serialize-javascript': '/Users/vishwampathak/dayflow/node_modules/.serialize-javascript-j23qEfHX',
735 silly reify   '/Users/vishwampathak/dayflow/node_modules/set-value': '/Users/vishwampathak/dayflow/node_modules/.set-value-YnzevLwl',
735 silly reify   '/Users/vishwampathak/dayflow/node_modules/setimmediate': '/Users/vishwampathak/dayflow/node_modules/.setimmediate-vi1rWZgI',
735 silly reify   '/Users/vishwampathak/dayflow/node_modules/sha.js': '/Users/vishwampathak/dayflow/node_modules/.sha.js-gJyRHIij',
735 silly reify   '/Users/vishwampathak/dayflow/node_modules/.bin/sha.js': '/Users/vishwampathak/dayflow/node_modules/.bin/.sha.js-XsgqBt0A',
735 silly reify   '/Users/vishwampathak/dayflow/node_modules/shallow-clone': '/Users/vishwampathak/dayflow/node_modules/.shallow-clone-GWCtHfja',
735 silly reify   '/Users/vishwampathak/dayflow/node_modules/shell-quote': '/Users/vishwampathak/dayflow/node_modules/.shell-quote-6CtWWKEi',
735 silly reify   '/Users/vishwampathak/dayflow/node_modules/snapdragon': '/Users/vishwampathak/dayflow/node_modules/.snapdragon-NCLBVzTv',
735 silly reify   '/Users/vishwampathak/dayflow/node_modules/snapdragon-node': '/Users/vishwampathak/dayflow/node_modules/.snapdragon-node-Rm90DZ5n',
735 silly reify   '/Users/vishwampathak/dayflow/node_modules/snapdragon-util': '/Users/vishwampathak/dayflow/node_modules/.snapdragon-util-CqSKGqvd',
735 silly reify   '/Users/vishwampathak/dayflow/node_modules/sort-keys': '/Users/vishwampathak/dayflow/node_modules/.sort-keys-yaq5FqK8',
735 silly reify   '/Users/vishwampathak/dayflow/node_modules/source-list-map': '/Users/vishwampathak/dayflow/node_modules/.source-list-map-TES7L9ps',
735 silly reify   '/Users/vishwampathak/dayflow/node_modules/source-map-resolve': '/Users/vishwampathak/dayflow/node_modules/.source-map-resolve-7XNPkg7g',
735 silly reify   '/Users/vishwampathak/dayflow/node_modules/source-map-support': '/Users/vishwampathak/dayflow/node_modules/.source-map-support-8WP07adP',
735 silly reify   '/Users/vishwampathak/dayflow/node_modules/source-map-url': '/Users/vishwampathak/dayflow/node_modules/.source-map-url-GomAzZon',
735 silly reify   '/Users/vishwampathak/dayflow/node_modules/spdx-correct': '/Users/vishwampathak/dayflow/node_modules/.spdx-correct-k7tbJA7a',
735 silly reify   '/Users/vishwampathak/dayflow/node_modules/spdx-exceptions': '/Users/vishwampathak/dayflow/node_modules/.spdx-exceptions-w0qNLfbM',
735 silly reify   '/Users/vishwampathak/dayflow/node_modules/spdx-expression-parse': '/Users/vishwampathak/dayflow/node_modules/.spdx-expression-parse-DadhpWrc',
735 silly reify   '/Users/vishwampathak/dayflow/node_modules/spdx-license-ids': '/Users/vishwampathak/dayflow/node_modules/.spdx-license-ids-7NbebGid',
735 silly reify   '/Users/vishwampathak/dayflow/node_modules/split-string': '/Users/vishwampathak/dayflow/node_modules/.split-string-HQkM1p7r',
735 silly reify   '/Users/vishwampathak/dayflow/node_modules/sprintf-js': '/Users/vishwampathak/dayflow/node_modules/.sprintf-js-ED6E0XRa',
735 silly reify   '/Users/vishwampathak/dayflow/node_modules/ssri': '/Users/vishwampathak/dayflow/node_modules/.ssri-sL8PgXY5',
735 silly reify   '/Users/vishwampathak/dayflow/node_modules/static-extend': '/Users/vishwampathak/dayflow/node_modules/.static-extend-kkdqQdmR',
735 silly reify   '/Users/vishwampathak/dayflow/node_modules/stream-browserify': '/Users/vishwampathak/dayflow/node_modules/.stream-browserify-5NeOWUaE',
735 silly reify   '/Users/vishwampathak/dayflow/node_modules/stream-each': '/Users/vishwampathak/dayflow/node_modules/.stream-each-uvLPcEXN',
735 silly reify   '/Users/vishwampathak/dayflow/node_modules/stream-http': '/Users/vishwampathak/dayflow/node_modules/.stream-http-zNNzipYg',
735 silly reify   '/Users/vishwampathak/dayflow/node_modules/stream-shift': '/Users/vishwampathak/dayflow/node_modules/.stream-shift-gWPdd5QF',
735 silly reify   '/Users/vishwampathak/dayflow/node_modules/strict-uri-encode': '/Users/vishwampathak/dayflow/node_modules/.strict-uri-encode-w988g6Sc',
735 silly reify   '/Users/vishwampathak/dayflow/node_modules/string_decoder': '/Users/vishwampathak/dayflow/node_modules/.string_decoder-vn8vnfut',
735 silly reify   '/Users/vishwampathak/dayflow/node_modules/string-hash': '/Users/vishwampathak/dayflow/node_modules/.string-hash-V16naWv8',
735 silly reify   '/Users/vishwampathak/dayflow/node_modules/style-loader': '/Users/vishwampathak/dayflow/node_modules/.style-loader-algrpzSY',
735 silly reify   '/Users/vishwampathak/dayflow/node_modules/stylis': '/Users/vishwampathak/dayflow/node_modules/.stylis-uqW0p0pj',
735 silly reify   '/Users/vishwampathak/dayflow/node_modules/stylis-rule-sheet': '/Users/vishwampathak/dayflow/node_modules/.stylis-rule-sheet-6ZNSeSUG',
735 silly reify   '/Users/vishwampathak/dayflow/node_modules/terser': '/Users/vishwampathak/dayflow/node_modules/.terser-BKrqgKIb',
735 silly reify   '/Users/vishwampathak/dayflow/node_modules/.bin/terser': '/Users/vishwampathak/dayflow/node_modules/.bin/.terser-XSfZlZLT',
735 silly reify   '/Users/vishwampathak/dayflow/node_modules/terser-webpack-plugin': '/Users/vishwampathak/dayflow/node_modules/.terser-webpack-plugin-xKmzTTTV',
735 silly reify   '/Users/vishwampathak/dayflow/node_modules/thread-loader': '/Users/vishwampathak/dayflow/node_modules/.thread-loader-3D4eS2Fp',
735 silly reify   '/Users/vishwampathak/dayflow/node_modules/through2': '/Users/vishwampathak/dayflow/node_modules/.through2-5F0a7pEp',
735 silly reify   '/Users/vishwampathak/dayflow/node_modules/timers-browserify': '/Users/vishwampathak/dayflow/node_modules/.timers-browserify-ycc3STs4',
735 silly reify   '/Users/vishwampathak/dayflow/node_modules/to-arraybuffer': '/Users/vishwampathak/dayflow/node_modules/.to-arraybuffer-RpTOjbfw',
735 silly reify   '/Users/vishwampathak/dayflow/node_modules/to-buffer': '/Users/vishwampathak/dayflow/node_modules/.to-buffer-RDtTRnxY',
735 silly reify   '/Users/vishwampathak/dayflow/node_modules/to-fast-properties': '/Users/vishwampathak/dayflow/node_modules/.to-fast-properties-qCCFEEJD',
735 silly reify   '/Users/vishwampathak/dayflow/node_modules/to-object-path': '/Users/vishwampathak/dayflow/node_modules/.to-object-path-AUxzo7d2',
735 silly reify   '/Users/vishwampathak/dayflow/node_modules/to-regex': '/Users/vishwampathak/dayflow/node_modules/.to-regex-25tq4b6k',
735 silly reify   '/Users/vishwampathak/dayflow/node_modules/tr46': '/Users/vishwampathak/dayflow/node_modules/.tr46-DWJRToNc',
735 silly reify   '/Users/vishwampathak/dayflow/node_modules/traverse': '/Users/vishwampathak/dayflow/node_modules/.traverse-fn5XdXkn',
735 silly reify   '/Users/vishwampathak/dayflow/node_modules/ts-pnp': '/Users/vishwampathak/dayflow/node_modules/.ts-pnp-IytSrdxL',
735 silly reify   '/Users/vishwampathak/dayflow/node_modules/tty-browserify': '/Users/vishwampathak/dayflow/node_modules/.tty-browserify-43GOkrdY',
735 silly reify   '/Users/vishwampathak/dayflow/node_modules/type': '/Users/vishwampathak/dayflow/node_modules/.type-FLwBlgfj',
735 silly reify   '/Users/vishwampathak/dayflow/node_modules/typedarray': '/Users/vishwampathak/dayflow/node_modules/.typedarray-3yBQE4wh',
735 silly reify   '/Users/vishwampathak/dayflow/node_modules/typedarray-to-buffer': '/Users/vishwampathak/dayflow/node_modules/.typedarray-to-buffer-gWQgNuEy',
735 silly reify   '/Users/vishwampathak/dayflow/node_modules/unfetch': '/Users/vishwampathak/dayflow/node_modules/.unfetch-86QwW9gt',
735 silly reify   '/Users/vishwampathak/dayflow/node_modules/unicode-canonical-property-names-ecmascript': '/Users/vishwampathak/dayflow/node_modules/.unicode-canonical-property-names-ecmascript-4g70fUtN',
735 silly reify   '/Users/vishwampathak/dayflow/node_modules/unicode-match-property-ecmascript': '/Users/vishwampathak/dayflow/node_modules/.unicode-match-property-ecmascript-JrDSWabT',
735 silly reify   '/Users/vishwampathak/dayflow/node_modules/unicode-match-property-value-ecmascript': '/Users/vishwampathak/dayflow/node_modules/.unicode-match-property-value-ecmascript-sBliSzzW',
735 silly reify   '/Users/vishwampathak/dayflow/node_modules/unicode-property-aliases-ecmascript': '/Users/vishwampathak/dayflow/node_modules/.unicode-property-aliases-ecmascript-AjcBcMNN',
735 silly reify   '/Users/vishwampathak/dayflow/node_modules/union-value': '/Users/vishwampathak/dayflow/node_modules/.union-value-66TDD1dJ',
735 silly reify   '/Users/vishwampathak/dayflow/node_modules/uniq': '/Users/vishwampathak/dayflow/node_modules/.uniq-mpOzsA1t',
735 silly reify   '/Users/vishwampathak/dayflow/node_modules/unique-filename': '/Users/vishwampathak/dayflow/node_modules/.unique-filename-q4FrC9qq',
735 silly reify   '/Users/vishwampathak/dayflow/node_modules/unique-slug': '/Users/vishwampathak/dayflow/node_modules/.unique-slug-3zSHDdEQ',
735 silly reify   '/Users/vishwampathak/dayflow/node_modules/unset-value': '/Users/vishwampathak/dayflow/node_modules/.unset-value-dvbGoECO',
735 silly reify   '/Users/vishwampathak/dayflow/node_modules/upath': '/Users/vishwampathak/dayflow/node_modules/.upath-B3Wgeavv',
735 silly reify   '/Users/vishwampathak/dayflow/node_modules/urix': '/Users/vishwampathak/dayflow/node_modules/.urix-9PWxmb2l',
735 silly reify   '/Users/vishwampathak/dayflow/node_modules/url': '/Users/vishwampathak/dayflow/node_modules/.url-HF4zfbuV',
735 silly reify   '/Users/vishwampathak/dayflow/node_modules/use': '/Users/vishwampathak/dayflow/node_modules/.use-n8DCDiBM',
735 silly reify   '/Users/vishwampathak/dayflow/node_modules/util': '/Users/vishwampathak/dayflow/node_modules/.util-cDtvZS3K',
735 silly reify   '/Users/vishwampathak/dayflow/node_modules/uuid': '/Users/vishwampathak/dayflow/node_modules/.uuid-ng56Tgp0',
735 silly reify   '/Users/vishwampathak/dayflow/node_modules/.bin/uuid': '/Users/vishwampathak/dayflow/node_modules/.bin/.uuid-Aq8MOWIe',
735 silly reify   '/Users/vishwampathak/dayflow/node_modules/validate-npm-package-license': '/Users/vishwampathak/dayflow/node_modules/.validate-npm-package-license-9RYNigAK',
735 silly reify   '/Users/vishwampathak/dayflow/node_modules/vm-browserify': '/Users/vishwampathak/dayflow/node_modules/.vm-browserify-oJTpoH5D',
735 silly reify   '/Users/vishwampathak/dayflow/node_modules/watchpack': '/Users/vishwampathak/dayflow/node_modules/.watchpack-CC9h6jye',
735 silly reify   '/Users/vishwampathak/dayflow/node_modules/watchpack-chokidar2': '/Users/vishwampathak/dayflow/node_modules/.watchpack-chokidar2-kBCE0l5F',
735 silly reify   '/Users/vishwampathak/dayflow/node_modules/wcwidth': '/Users/vishwampathak/dayflow/node_modules/.wcwidth-VTNta92f',
735 silly reify   '/Users/vishwampathak/dayflow/node_modules/webidl-conversions': '/Users/vishwampathak/dayflow/node_modules/.webidl-conversions-EDXuHoOg',
735 silly reify   '/Users/vishwampathak/dayflow/node_modules/webpack': '/Users/vishwampathak/dayflow/node_modules/.webpack-KWcVwhXB',
735 silly reify   '/Users/vishwampathak/dayflow/node_modules/.bin/webpack': '/Users/vishwampathak/dayflow/node_modules/.bin/.webpack-bCJNbNdJ',
735 silly reify   '/Users/vishwampathak/dayflow/node_modules/webpack-dev-middleware': '/Users/vishwampathak/dayflow/node_modules/.webpack-dev-middleware-U8dKZZxP',
735 silly reify   '/Users/vishwampathak/dayflow/node_modules/webpack-hot-middleware': '/Users/vishwampathak/dayflow/node_modules/.webpack-hot-middleware-y88zPwDm',
735 silly reify   '/Users/vishwampathak/dayflow/node_modules/webpack-log': '/Users/vishwampathak/dayflow/node_modules/.webpack-log-efosV9oY',
735 silly reify   '/Users/vishwampathak/dayflow/node_modules/webpack-merge': '/Users/vishwampathak/dayflow/node_modules/.webpack-merge-cU9rYTZb',
735 silly reify   '/Users/vishwampathak/dayflow/node_modules/webpack-sources': '/Users/vishwampathak/dayflow/node_modules/.webpack-sources-mPqlZvS0',
735 silly reify   '/Users/vishwampathak/dayflow/node_modules/whatwg-url': '/Users/vishwampathak/dayflow/node_modules/.whatwg-url-9eSRJfRe',
735 silly reify   '/Users/vishwampathak/dayflow/node_modules/worker-farm': '/Users/vishwampathak/dayflow/node_modules/.worker-farm-tAQpZ7QN',
735 silly reify   '/Users/vishwampathak/dayflow/node_modules/worker-rpc': '/Users/vishwampathak/dayflow/node_modules/.worker-rpc-3yhaw4eF',
735 silly reify   '/Users/vishwampathak/dayflow/node_modules/write-file-atomic': '/Users/vishwampathak/dayflow/node_modules/.write-file-atomic-R56J6sOu',
735 silly reify   '/Users/vishwampathak/dayflow/node_modules/xtend': '/Users/vishwampathak/dayflow/node_modules/.xtend-G3ixCaXc'
735 silly reify }
736 silly audit bulk request {
736 silly audit   '@alloc/quick-lru': [ '5.2.0' ],
736 silly audit   'lru-cache': [ '5.1.1' ],
736 silly audit   yallist: [ '3.1.1' ],
736 silly audit   commander: [ '11.1.0', '14.0.3' ],
736 silly audit   '@anthropic-ai/sdk': [ '0.91.1' ],
736 silly audit   '@babel/code-frame': [ '7.29.0' ],
736 silly audit   '@babel/compat-data': [ '7.29.0' ],
736 silly audit   '@babel/core': [ '7.29.0' ],
736 silly audit   '@babel/generator': [ '7.29.1' ],
736 silly audit   '@babel/helper-annotate-as-pure': [ '7.27.3' ],
736 silly audit   '@babel/helper-compilation-targets': [ '7.28.6' ],
736 silly audit   '@babel/helper-create-class-features-plugin': [ '7.28.6' ],
736 silly audit   '@babel/helper-globals': [ '7.28.0' ],
736 silly audit   '@babel/helper-member-expression-to-functions': [ '7.28.5' ],
736 silly audit   '@babel/helper-module-imports': [ '7.28.6' ],
736 silly audit   '@babel/helper-module-transforms': [ '7.28.6' ],
736 silly audit   '@babel/helper-optimise-call-expression': [ '7.27.1' ],
736 silly audit   '@babel/helper-plugin-utils': [ '7.28.6' ],
736 silly audit   '@babel/helper-replace-supers': [ '7.28.6' ],
736 silly audit   '@babel/helper-skip-transparent-expression-wrappers': [ '7.27.1' ],
736 silly audit   '@babel/helper-string-parser': [ '7.27.1' ],
736 silly audit   '@babel/helper-validator-identifier': [ '7.28.5' ],
736 silly audit   '@babel/helper-validator-option': [ '7.27.1' ],
736 silly audit   '@babel/helpers': [ '7.29.2' ],
736 silly audit   '@babel/parser': [ '7.29.2' ],
736 silly audit   '@babel/plugin-syntax-jsx': [ '7.28.6' ],
736 silly audit   '@babel/plugin-syntax-typescript': [ '7.28.6' ],
736 silly audit   '@babel/plugin-transform-modules-commonjs': [ '7.28.6' ],
736 silly audit   resolve: [ '2.0.0-next.6' ],
736 silly audit   semver: [ '7.7.4', '6.3.1' ],
736 silly audit   '@babel/plugin-transform-typescript': [ '7.28.6' ],
736 silly audit   '@babel/preset-typescript': [ '7.28.5' ],
736 silly audit   '@babel/runtime': [ '7.29.2' ],
736 silly audit   '@babel/template': [ '7.28.6' ],
736 silly audit   '@babel/traverse': [ '7.29.0' ],
736 silly audit   '@babel/types': [ '7.29.0' ],
736 silly audit   '@dotenvx/dotenvx': [ '1.63.0' ],
736 silly audit   execa: [ '5.1.1', '9.6.1' ],
736 silly audit   fdir: [ '6.5.0' ],
736 silly audit   'get-stream': [ '6.0.1', '9.0.1' ],
736 silly audit   'human-signals': [ '2.1.0', '8.0.1' ],
736 silly audit   'is-stream': [ '2.0.1', '4.0.1' ],
736 silly audit   isexe: [ '3.1.5', '2.0.0' ],
736 silly audit   'npm-run-path': [ '4.0.1', '6.0.0' ],
736 silly audit   onetime: [ '5.1.2', '7.0.0' ],
736 silly audit   picomatch: [ '4.0.4', '2.3.2' ],
736 silly audit   'signal-exit': [ '3.0.7', '4.1.0' ],
736 silly audit   'strip-final-newline': [ '2.0.0', '4.0.0' ],
736 silly audit   which: [ '4.0.0', '2.0.2' ],
736 silly audit   '@ecies/ciphers': [ '0.2.6' ],
736 silly audit   '@emnapi/core': [ '1.10.0' ],
736 silly audit   '@emnapi/runtime': [ '1.10.0' ],
736 silly audit   '@emnapi/wasi-threads': [ '1.2.1' ],
736 silly audit   '@eslint-community/eslint-utils': [ '4.9.1' ],
736 silly audit   'eslint-visitor-keys': [ '3.4.3', '5.0.1', '4.2.1' ],
736 silly audit   '@eslint-community/regexpp': [ '4.12.2' ],
736 silly audit   '@eslint/config-array': [ '0.21.2' ],
736 silly audit   '@eslint/config-helpers': [ '0.4.2' ],
736 silly audit   '@eslint/core': [ '0.17.0' ],
736 silly audit   '@eslint/eslintrc': [ '3.3.5' ],
736 silly audit   '@eslint/js': [ '9.39.4' ],
736 silly audit   '@eslint/object-schema': [ '2.1.7' ],
736 silly audit   '@eslint/plugin-kit': [ '0.4.1' ],
736 silly audit   '@floating-ui/core': [ '1.7.5' ],
736 silly audit   '@floating-ui/dom': [ '1.7.6' ],
736 silly audit   '@floating-ui/react-dom': [ '2.1.8' ],
736 silly audit   '@floating-ui/utils': [ '0.2.11' ],
736 silly audit   '@hono/node-server': [ '1.19.14' ],
736 silly audit   '@humanfs/core': [ '0.19.2' ],
736 silly audit   '@humanfs/node': [ '0.16.8' ],
736 silly audit   '@humanfs/types': [ '0.15.0' ],
736 silly audit   '@humanwhocodes/module-importer': [ '1.0.1' ],
736 silly audit   '@humanwhocodes/retry': [ '0.4.3' ],
736 silly audit   '@inquirer/ansi': [ '2.0.5' ],
736 silly audit   '@inquirer/confirm': [ '6.0.12' ],
736 silly audit   '@inquirer/core': [ '11.1.9' ],
736 silly audit   '@inquirer/figures': [ '2.0.5' ],
736 silly audit   '@inquirer/type': [ '4.0.5' ],
736 silly audit   '@jridgewell/gen-mapping': [ '0.3.13' ],
736 silly audit   '@jridgewell/remapping': [ '2.3.5' ],
736 silly audit   '@jridgewell/resolve-uri': [ '3.1.2' ],
736 silly audit   '@jridgewell/sourcemap-codec': [ '1.5.5' ],
736 silly audit   '@jridgewell/trace-mapping': [ '0.3.31' ],
736 silly audit   '@modelcontextprotocol/sdk': [ '1.29.0' ],
736 silly audit   ajv: [ '8.20.0', '6.15.0' ],
736 silly audit   'json-schema-traverse': [ '1.0.0', '0.4.1' ],
736 silly audit   '@mswjs/interceptors': [ '0.41.6' ],
736 silly audit   '@open-draft/deferred-promise': [ '2.2.0', '3.0.0' ],
736 silly audit   '@napi-rs/wasm-runtime': [ '0.2.12' ],
736 silly audit   '@next/eslint-plugin-next': [ '16.2.4' ],
736 silly audit   '@noble/ciphers': [ '1.3.0' ],
736 silly audit   '@noble/curves': [ '1.9.7' ],
736 silly audit   '@noble/hashes': [ '1.8.0' ],
736 silly audit   '@nodelib/fs.scandir': [ '2.1.5' ],
736 silly audit   '@nodelib/fs.stat': [ '2.0.5' ],
736 silly audit   '@nodelib/fs.walk': [ '1.2.8' ],
736 silly audit   '@nolyfill/is-core-module': [ '1.0.39' ],
736 silly audit   '@open-draft/logger': [ '0.3.0' ],
736 silly audit   '@open-draft/until': [ '2.1.0' ],
736 silly audit   '@radix-ui/number': [ '1.1.1' ],
736 silly audit   '@radix-ui/primitive': [ '1.1.3' ],
736 silly audit   '@radix-ui/react-accessible-icon': [ '1.1.7' ],
736 silly audit   '@radix-ui/react-accordion': [ '1.2.12' ],
736 silly audit   '@radix-ui/react-alert-dialog': [ '1.1.15' ],
736 silly audit   '@radix-ui/react-arrow': [ '1.1.7' ],
736 silly audit   '@radix-ui/react-aspect-ratio': [ '1.1.7' ],
736 silly audit   '@radix-ui/react-avatar': [ '1.1.10' ],
736 silly audit   '@radix-ui/react-checkbox': [ '1.3.3' ],
736 silly audit   '@radix-ui/react-collapsible': [ '1.1.12' ],
736 silly audit   '@radix-ui/react-collection': [ '1.1.7' ],
736 silly audit   '@radix-ui/react-compose-refs': [ '1.1.2' ],
736 silly audit   '@radix-ui/react-context': [ '1.1.2' ],
736 silly audit   '@radix-ui/react-context-menu': [ '2.2.16' ],
736 silly audit   '@radix-ui/react-dialog': [ '1.1.15' ],
736 silly audit   '@radix-ui/react-direction': [ '1.1.1' ],
736 silly audit   '@radix-ui/react-dismissable-layer': [ '1.1.11' ],
736 silly audit   '@radix-ui/react-dropdown-menu': [ '2.1.16' ],
736 silly audit   '@radix-ui/react-focus-guards': [ '1.1.3' ],
736 silly audit   '@radix-ui/react-focus-scope': [ '1.1.7' ],
736 silly audit   '@radix-ui/react-form': [ '0.1.8' ],
736 silly audit   '@radix-ui/react-hover-card': [ '1.1.15' ],
736 silly audit   '@radix-ui/react-id': [ '1.1.1' ],
736 silly audit   '@radix-ui/react-label': [ '2.1.7' ],
736 silly audit   '@radix-ui/react-menu': [ '2.1.16' ],
736 silly audit   '@radix-ui/react-menubar': [ '1.1.16' ],
736 silly audit   '@radix-ui/react-navigation-menu': [ '1.2.14' ],
736 silly audit   '@radix-ui/react-one-time-password-field': [ '0.1.8' ],
736 silly audit   '@radix-ui/react-password-toggle-field': [ '0.1.3' ],
736 silly audit   '@radix-ui/react-popover': [ '1.1.15' ],
736 silly audit   '@radix-ui/react-popper': [ '1.2.8' ],
736 silly audit   '@radix-ui/react-portal': [ '1.1.9' ],
736 silly audit   '@radix-ui/react-presence': [ '1.1.5' ],
736 silly audit   '@radix-ui/react-primitive': [ '2.1.3' ],
736 silly audit   '@radix-ui/react-progress': [ '1.1.7' ],
736 silly audit   '@radix-ui/react-radio-group': [ '1.3.8' ],
736 silly audit   '@radix-ui/react-roving-focus': [ '1.1.11' ],
736 silly audit   '@radix-ui/react-scroll-area': [ '1.2.10' ],
736 silly audit   '@radix-ui/react-select': [ '2.2.6' ],
736 silly audit   '@radix-ui/react-separator': [ '1.1.7' ],
736 silly audit   '@radix-ui/react-slider': [ '1.3.6' ],
736 silly audit   '@radix-ui/react-slot': [ '1.2.3' ],
736 silly audit   '@radix-ui/react-switch': [ '1.2.6' ],
736 silly audit   '@radix-ui/react-tabs': [ '1.1.13' ],
736 silly audit   '@radix-ui/react-toast': [ '1.2.15' ],
736 silly audit   '@radix-ui/react-toggle': [ '1.1.10' ],
736 silly audit   '@radix-ui/react-toggle-group': [ '1.1.11' ],
736 silly audit   '@radix-ui/react-toolbar': [ '1.1.11' ],
736 silly audit   '@radix-ui/react-tooltip': [ '1.2.8' ],
736 silly audit   '@radix-ui/react-use-callback-ref': [ '1.1.1' ],
736 silly audit   '@radix-ui/react-use-controllable-state': [ '1.2.2' ],
736 silly audit   '@radix-ui/react-use-effect-event': [ '0.0.2' ],
736 silly audit   '@radix-ui/react-use-escape-keydown': [ '1.1.1' ],
736 silly audit   '@radix-ui/react-use-is-hydrated': [ '0.1.0' ],
736 silly audit   '@radix-ui/react-use-layout-effect': [ '1.1.1' ],
736 silly audit   '@radix-ui/react-use-previous': [ '1.1.1' ],
736 silly audit   '@radix-ui/react-use-rect': [ '1.1.1' ],
736 silly audit   '@radix-ui/react-use-size': [ '1.1.1' ],
736 silly audit   '@radix-ui/react-visually-hidden': [ '1.2.3' ],
736 silly audit   '@radix-ui/rect': [ '1.1.1' ],
736 silly audit   '@rtsao/scc': [ '1.1.0' ],
736 silly audit   '@sec-ant/readable-stream': [ '0.4.1' ],
736 silly audit   '@sindresorhus/merge-streams': [ '4.0.0' ],
736 silly audit   '@supabase/auth-helpers-nextjs': [ '0.15.0' ],
736 silly audit   cookie: [ '1.1.1', '0.7.2' ],
736 silly audit   '@supabase/auth-js': [ '2.104.1' ],
736 silly audit   '@supabase/functions-js': [ '2.104.1' ],
736 silly audit   '@supabase/phoenix': [ '0.4.0' ],
736 silly audit   '@supabase/postgrest-js': [ '2.104.1' ],
736 silly audit   '@supabase/realtime-js': [ '2.104.1' ],
736 silly audit   '@supabase/storage-js': [ '2.104.1' ],
736 silly audit   '@supabase/supabase-js': [ '2.104.1' ],
736 silly audit   '@tailwindcss/node': [ '4.2.4' ],
736 silly audit   '@tailwindcss/oxide': [ '4.2.4' ],
736 silly audit   '@tailwindcss/oxide-android-arm64': [ '4.2.4' ],
736 silly audit   '@tailwindcss/oxide-darwin-arm64': [ '4.2.4' ],
736 silly audit   '@tailwindcss/oxide-darwin-x64': [ '4.2.4' ],
736 silly audit   '@tailwindcss/oxide-freebsd-x64': [ '4.2.4' ],
736 silly audit   '@tailwindcss/oxide-linux-arm-gnueabihf': [ '4.2.4' ],
736 silly audit   '@tailwindcss/oxide-linux-arm64-gnu': [ '4.2.4' ],
736 silly audit   '@tailwindcss/oxide-linux-arm64-musl': [ '4.2.4' ],
736 silly audit   '@tailwindcss/oxide-linux-x64-gnu': [ '4.2.4' ],
736 silly audit   '@tailwindcss/oxide-linux-x64-musl': [ '4.2.4' ],
736 silly audit   '@tailwindcss/oxide-wasm32-wasi': [ '4.2.4' ],
736 silly audit   '@tailwindcss/oxide-win32-arm64-msvc': [ '4.2.4' ],
736 silly audit   '@tailwindcss/oxide-win32-x64-msvc': [ '4.2.4' ],
736 silly audit   '@tailwindcss/postcss': [ '4.2.4' ],
736 silly audit   '@ts-morph/common': [ '0.27.0' ],
736 silly audit   'balanced-match': [ '4.0.4', '1.0.2' ],
736 silly audit   'brace-expansion': [ '5.0.5', '1.1.14' ],
736 silly audit   'fast-glob': [ '3.3.3', '3.3.1' ],
736 silly audit   'glob-parent': [ '5.1.2', '6.0.2' ],
736 silly audit   minimatch: [ '10.2.5', '3.1.5' ],
736 silly audit   '@tybys/wasm-util': [ '0.10.1' ],
736 silly audit   '@types/estree': [ '1.0.8' ],
736 silly audit   '@types/json-schema': [ '7.0.15' ],
736 silly audit   '@types/json5': [ '0.0.29' ],
736 silly audit   '@types/node': [ '20.19.39' ],
736 silly audit   '@types/react': [ '19.2.14' ],
736 silly audit   '@types/react-dom': [ '19.2.3' ],
736 silly audit   '@types/set-cookie-parser': [ '2.4.10' ],
736 silly audit   '@types/statuses': [ '2.0.6' ],
736 silly audit   '@types/validate-npm-package-name': [ '4.0.2' ],
736 silly audit   '@types/ws': [ '8.18.1' ],
736 silly audit   '@typescript-eslint/eslint-plugin': [ '8.59.0' ],
736 silly audit   ignore: [ '7.0.5', '5.3.2' ],
736 silly audit   '@typescript-eslint/parser': [ '8.59.0' ],
736 silly audit   '@typescript-eslint/project-service': [ '8.59.0' ],
736 silly audit   '@typescript-eslint/scope-manager': [ '8.59.0' ],
736 silly audit   '@typescript-eslint/tsconfig-utils': [ '8.59.0' ],
736 silly audit   '@typescript-eslint/type-utils': [ '8.59.0' ],
736 silly audit   '@typescript-eslint/types': [ '8.59.0' ],
736 silly audit   '@typescript-eslint/typescript-estree': [ '8.59.0' ],
736 silly audit   '@typescript-eslint/utils': [ '8.59.0' ],
736 silly audit   '@typescript-eslint/visitor-keys': [ '8.59.0' ],
736 silly audit   '@unrs/resolver-binding-android-arm-eabi': [ '1.11.1' ],
736 silly audit   '@unrs/resolver-binding-android-arm64': [ '1.11.1' ],
736 silly audit   '@unrs/resolver-binding-darwin-arm64': [ '1.11.1' ],
736 silly audit   '@unrs/resolver-binding-darwin-x64': [ '1.11.1' ],
736 silly audit   '@unrs/resolver-binding-freebsd-x64': [ '1.11.1' ],
736 silly audit   '@unrs/resolver-binding-linux-arm-gnueabihf': [ '1.11.1' ],
736 silly audit   '@unrs/resolver-binding-linux-arm-musleabihf': [ '1.11.1' ],
736 silly audit   '@unrs/resolver-binding-linux-arm64-gnu': [ '1.11.1' ],
736 silly audit   '@unrs/resolver-binding-linux-arm64-musl': [ '1.11.1' ],
736 silly audit   '@unrs/resolver-binding-linux-ppc64-gnu': [ '1.11.1' ],
736 silly audit   '@unrs/resolver-binding-linux-riscv64-gnu': [ '1.11.1' ],
736 silly audit   '@unrs/resolver-binding-linux-riscv64-musl': [ '1.11.1' ],
736 silly audit   '@unrs/resolver-binding-linux-s390x-gnu': [ '1.11.1' ],
736 silly audit   '@unrs/resolver-binding-linux-x64-gnu': [ '1.11.1' ],
736 silly audit   '@unrs/resolver-binding-linux-x64-musl': [ '1.11.1' ],
736 silly audit   '@unrs/resolver-binding-wasm32-wasi': [ '1.11.1' ],
736 silly audit   '@unrs/resolver-binding-win32-arm64-msvc': [ '1.11.1' ],
736 silly audit   '@unrs/resolver-binding-win32-ia32-msvc': [ '1.11.1' ],
736 silly audit   '@unrs/resolver-binding-win32-x64-msvc': [ '1.11.1' ],
736 silly audit   accepts: [ '2.0.0' ],
736 silly audit   acorn: [ '8.16.0' ],
736 silly audit   'acorn-jsx': [ '5.3.2' ],
736 silly audit   json5: [ '2.2.3', '1.0.2' ],
736 silly audit   'agent-base': [ '7.1.4' ],
736 silly audit   'ajv-formats': [ '3.0.1' ],
736 silly audit   'ansi-regex': [ '6.2.2', '5.0.1' ],
736 silly audit   'ansi-styles': [ '4.3.0' ],
736 silly audit   argparse: [ '2.0.1' ],
736 silly audit   'aria-hidden': [ '1.2.6' ],
736 silly audit   'aria-query': [ '5.3.2' ],
736 silly audit   'array-buffer-byte-length': [ '1.0.2' ],
736 silly audit   'array-includes': [ '3.1.9' ],
736 silly audit   'array.prototype.findlast': [ '1.2.5' ],
736 silly audit   'array.prototype.findlastindex': [ '1.2.6' ],
736 silly audit   'array.prototype.flat': [ '1.3.3' ],
736 silly audit   'array.prototype.flatmap': [ '1.3.3' ],
736 silly audit   'array.prototype.tosorted': [ '1.1.4' ],
736 silly audit   'arraybuffer.prototype.slice': [ '1.0.4' ],
736 silly audit   'ast-types': [ '0.16.1' ],
736 silly audit   'ast-types-flow': [ '0.0.8' ],
736 silly audit   'async-function': [ '1.0.0' ],
736 silly audit   tapable: [ '2.3.3' ],
736 silly audit   picocolors: [ '1.1.1' ],
736 silly audit   postcss: [ '8.5.10', '8.4.31' ],
736 silly audit   'available-typed-arrays': [ '1.0.7' ],
736 silly audit   'axe-core': [ '4.11.3' ],
736 silly audit   'axobject-query': [ '4.1.0' ],
736 silly audit   chalk: [ '4.1.2', '5.6.2' ],
736 silly audit   'escape-string-regexp': [ '4.0.0' ],
736 silly audit   'js-tokens': [ '4.0.0' ],
736 silly audit   'strip-ansi': [ '6.0.1', '7.2.0' ],
736 silly audit   'supports-color': [ '7.2.0' ],
736 silly audit   'find-up': [ '5.0.0' ],
736 silly audit   'locate-path': [ '6.0.0' ],
736 silly audit   'p-limit': [ '3.1.0' ],
736 silly audit   'p-locate': [ '5.0.0' ],
736 silly audit   'path-exists': [ '4.0.0' ],
736 silly audit   'baseline-browser-mapping': [ '2.10.21' ],
736 silly audit   'body-parser': [ '2.2.2' ],
736 silly audit   braces: [ '3.0.3' ],
736 silly audit   browserslist: [ '4.28.2' ],
736 silly audit   isarray: [ '2.0.5' ],
736 silly audit   'bundle-name': [ '4.1.0' ],
736 silly audit   bytes: [ '3.1.2' ],
736 silly audit   y18n: [ '5.0.8' ],
736 silly audit   'call-bind': [ '1.0.9' ],
736 silly audit   'call-bind-apply-helpers': [ '1.0.2' ],
736 silly audit   'call-bound': [ '1.0.4' ],
736 silly audit   callsites: [ '3.1.0' ],
736 silly audit   'caniuse-lite': [ '1.0.30001790' ],
736 silly audit   'canvas-confetti': [ '1.9.4' ],
736 silly audit   'class-variance-authority': [ '0.7.1' ],
736 silly audit   'cli-cursor': [ '5.0.0' ],
736 silly audit   'cli-spinners': [ '2.9.2' ],
736 silly audit   'cli-width': [ '4.1.0' ],
736 silly audit   cliui: [ '8.0.1' ],
736 silly audit   'emoji-regex': [ '8.0.0', '9.2.2', '10.6.0' ],
736 silly audit   'string-width': [ '4.2.3', '7.2.0' ],
736 silly audit   clsx: [ '2.1.1' ],
736 silly audit   'code-block-writer': [ '13.0.3' ],
736 silly audit   'color-convert': [ '2.0.1' ],
736 silly audit   'color-name': [ '1.1.4' ],
736 silly audit   debug: [ '4.4.3', '3.2.7' ],
736 silly audit   'mime-db': [ '1.54.0' ],
736 silly audit   'mime-types': [ '3.0.2' ],
736 silly audit   ms: [ '2.1.3' ],
736 silly audit   negotiator: [ '1.0.0' ],
736 silly audit   'concat-map': [ '0.0.1' ],
736 silly audit   'json-schema-typed': [ '8.0.2' ],
736 silly audit   'content-disposition': [ '1.1.0' ],
736 silly audit   'content-type': [ '1.0.5' ],
736 silly audit   'convert-source-map': [ '2.0.0' ],
736 silly audit   'cookie-signature': [ '1.2.2' ],
736 silly audit   cors: [ '2.8.6' ],
736 silly audit   cosmiconfig: [ '9.0.1' ],
736 silly audit   'node-fetch': [ '3.3.2' ],
736 silly audit   'cross-spawn': [ '7.0.6' ],
736 silly audit   cssesc: [ '3.0.0' ],
736 silly audit   'postcss-selector-parser': [ '7.1.1' ],
736 silly audit   csstype: [ '3.2.3' ],
736 silly audit   'damerau-levenshtein': [ '1.0.8' ],
736 silly audit   'data-uri-to-buffer': [ '4.0.1' ],
736 silly audit   'data-view-buffer': [ '1.0.2' ],
736 silly audit   'data-view-byte-length': [ '1.0.2' ],
736 silly audit   'data-view-byte-offset': [ '1.0.1' ],
736 silly audit   dedent: [ '1.7.2' ],
736 silly audit   'deep-is': [ '0.1.4' ],
736 silly audit   deepmerge: [ '4.3.1' ],
736 silly audit   'default-browser': [ '5.5.0' ],
736 silly audit   'default-browser-id': [ '5.0.1' ],
736 silly audit   'define-data-property': [ '1.1.4' ],
736 silly audit   'define-lazy-prop': [ '3.0.0' ],
736 silly audit   'define-properties': [ '1.2.1' ],
736 silly audit   depd: [ '2.0.0' ],
736 silly audit   'detect-libc': [ '2.1.2' ],
736 silly audit   'detect-node-es': [ '1.1.0' ],
736 silly audit   diff: [ '8.0.4' ],
736 silly audit   doctrine: [ '2.1.0' ],
736 silly audit   'is-obj': [ '3.0.0' ],
736 silly audit   dotenv: [ '17.4.2' ],
736 silly audit   'dunder-proto': [ '1.0.1' ],
736 silly audit   eciesjs: [ '0.4.18' ],
736 silly audit   'ee-first': [ '1.1.1' ],
736 silly audit   'electron-to-chromium': [ '1.5.344' ],
736 silly audit   encodeurl: [ '2.0.0' ],
736 silly audit   'enhanced-resolve': [ '5.21.0' ],
736 silly audit   'env-paths': [ '2.2.1' ],
736 silly audit   'error-ex': [ '1.3.4' ],
736 silly audit   'es-abstract': [ '1.24.2' ],
736 silly audit   'es-define-property': [ '1.0.1' ],
736 silly audit   'es-errors': [ '1.3.0' ],
736 silly audit   'es-iterator-helpers': [ '1.3.2' ],
736 silly audit   'es-object-atoms': [ '1.1.1' ],
736 silly audit   'es-set-tostringtag': [ '2.1.0' ],
736 silly audit   'es-shim-unscopables': [ '1.1.0' ],
736 silly audit   'es-to-primitive': [ '1.3.0' ],
736 silly audit   escalade: [ '3.2.0' ],
736 silly audit   'escape-html': [ '1.0.3' ],
736 silly audit   eslint: [ '9.39.4' ],
736 silly audit   'eslint-config-next': [ '16.2.4' ],
736 silly audit   globals: [ '16.4.0', '14.0.0' ],
736 silly audit   'eslint-import-resolver-node': [ '0.3.10' ],
736 silly audit   'eslint-import-resolver-typescript': [ '3.10.1' ],
736 silly audit   'eslint-module-utils': [ '2.12.1' ],
736 silly audit   'eslint-plugin-import': [ '2.32.0' ],
736 silly audit   'eslint-plugin-jsx-a11y': [ '6.10.2' ],
736 silly audit   'eslint-plugin-react': [ '7.37.5' ],
736 silly audit   'eslint-plugin-react-hooks': [ '7.1.1' ],
736 silly audit   'eslint-scope': [ '8.4.0' ],
736 silly audit   espree: [ '10.4.0' ],
736 silly audit   esprima: [ '4.0.1' ],
736 silly audit   esquery: [ '1.7.0' ],
736 silly audit   esrecurse: [ '4.3.0' ],
736 silly audit   estraverse: [ '5.3.0' ],
736 silly audit   esutils: [ '2.0.3' ],
736 silly audit   etag: [ '1.8.1' ],
736 silly audit   eventsource: [ '3.0.7' ],
736 silly audit   'eventsource-parser': [ '3.0.8' ],
736 silly audit   express: [ '5.2.1' ],
736 silly audit   'express-rate-limit': [ '8.4.1' ],
736 silly audit   'fast-deep-equal': [ '3.1.3' ],
736 silly audit   'fast-json-stable-stringify': [ '2.1.0' ],
736 silly audit   'fast-levenshtein': [ '2.0.6' ],
736 silly audit   'fast-string-truncated-width': [ '3.0.3' ],
736 silly audit   'fast-string-width': [ '3.0.2' ],
736 silly audit   'fast-uri': [ '3.1.0' ],
736 silly audit   'fast-wrap-ansi': [ '0.2.0' ],
736 silly audit   fastq: [ '1.20.1' ],
736 silly audit   'fetch-blob': [ '3.2.0' ],
736 silly audit   figures: [ '6.1.0' ],
736 silly audit   'file-entry-cache': [ '8.0.0' ],
736 silly audit   'fill-range': [ '7.1.1' ],
736 silly audit   finalhandler: [ '2.1.1' ],
736 silly audit   'flat-cache': [ '4.0.1' ],
736 silly audit   flatted: [ '3.4.2' ],
736 silly audit   'for-each': [ '0.3.5' ],
736 silly audit   'has-flag': [ '4.0.0' ],
736 silly audit   'is-number': [ '7.0.0' ],
736 silly audit   micromatch: [ '4.0.8' ],
736 silly audit   'to-regex-range': [ '5.0.1' ],
736 silly audit   'formdata-polyfill': [ '4.0.10' ],
736 silly audit   forwarded: [ '0.2.0' ],
736 silly audit   fresh: [ '2.0.0' ],
736 silly audit   'fs-extra': [ '11.3.4' ],
736 silly audit   'function-bind': [ '1.1.2' ],
736 silly audit   'function.prototype.name': [ '1.1.8' ],
736 silly audit   'functions-have-names': [ '1.2.3' ],
736 silly audit   fuzzysort: [ '3.1.0' ],
736 silly audit   'generator-function': [ '2.0.1' ],
736 silly audit   gensync: [ '1.0.0-beta.2' ],
736 silly audit   'get-caller-file': [ '2.0.5' ],
736 silly audit   'get-east-asian-width': [ '1.5.0' ],
736 silly audit   'get-intrinsic': [ '1.3.0' ],
736 silly audit   'get-nonce': [ '1.0.1' ],
736 silly audit   'get-own-enumerable-keys': [ '1.0.0' ],
736 silly audit   'get-proto': [ '1.0.1' ],
736 silly audit   'get-symbol-description': [ '1.1.0' ],
736 silly audit   'get-tsconfig': [ '4.14.0' ],
736 silly audit   globalthis: [ '1.0.4' ],
736 silly audit   gopd: [ '1.2.0' ],
736 silly audit   'graceful-fs': [ '4.2.11' ],
736 silly audit   graphql: [ '16.13.2' ],
736 silly audit   'has-bigints': [ '1.1.0' ],
736 silly audit   'has-property-descriptors': [ '1.0.2' ],
736 silly audit   'has-proto': [ '1.2.0' ],
736 silly audit   'has-symbols': [ '1.1.0' ],
736 silly audit   'has-tostringtag': [ '1.0.2' ],
736 silly audit   hasown: [ '2.0.3' ],
736 silly audit   'headers-polyfill': [ '5.0.1' ],
736 silly audit   'hermes-estree': [ '0.25.1' ],
736 silly audit   'hermes-parser': [ '0.25.1' ],
736 silly audit   hono: [ '4.12.15' ],
736 silly audit   'http-errors': [ '2.0.1' ],
736 silly audit   'https-proxy-agent': [ '7.0.6' ],
736 silly audit   'iceberg-js': [ '0.8.1' ],
736 silly audit   'iconv-lite': [ '0.7.2' ],
736 silly audit   'import-fresh': [ '3.3.1' ],
736 silly audit   'resolve-from': [ '4.0.0' ],
736 silly audit   imurmurhash: [ '0.1.4' ],
736 silly audit   inherits: [ '2.0.4' ],
736 silly audit   'internal-slot': [ '1.1.0' ],
736 silly audit   'ip-address': [ '10.1.0' ],
736 silly audit   'ipaddr.js': [ '1.9.1' ],
736 silly audit   'is-array-buffer': [ '3.0.5' ],
736 silly audit   'is-arrayish': [ '0.2.1' ],
736 silly audit   'is-async-function': [ '2.1.1' ],
736 silly audit   'is-bigint': [ '1.1.0' ],
736 silly audit   'is-boolean-object': [ '1.2.2' ],
736 silly audit   'is-bun-module': [ '2.0.0' ],
736 silly audit   'is-callable': [ '1.2.7' ],
736 silly audit   'is-core-module': [ '2.16.1' ],
736 silly audit   'is-data-view': [ '1.0.2' ],
736 silly audit   'is-date-object': [ '1.1.0' ],
736 silly audit   'is-docker': [ '3.0.0' ],
736 silly audit   'is-extglob': [ '2.1.1' ],
736 silly audit   'is-finalizationregistry': [ '1.1.1' ],
736 silly audit   'is-fullwidth-code-point': [ '3.0.0' ],
736 silly audit   'is-generator-function': [ '1.1.2' ],
736 silly audit   'is-glob': [ '4.0.3' ],
736 silly audit   'is-in-ssh': [ '1.0.0' ],
736 silly audit   'is-inside-container': [ '1.0.0' ],
736 silly audit   'is-interactive': [ '2.0.0' ],
736 silly audit   'is-map': [ '2.0.3' ],
736 silly audit   'is-negative-zero': [ '2.0.3' ],
736 silly audit   'is-node-process': [ '1.2.0' ],
736 silly audit   'is-number-object': [ '1.1.1' ],
736 silly audit   'is-plain-obj': [ '4.1.0' ],
736 silly audit   'is-promise': [ '4.0.0' ],
736 silly audit   'is-regex': [ '1.2.1' ],
736 silly audit   'is-regexp': [ '3.1.0' ],
736 silly audit   'is-set': [ '2.0.3' ],
736 silly audit   'is-shared-array-buffer': [ '1.0.4' ],
736 silly audit   'is-string': [ '1.1.1' ],
736 silly audit   'is-symbol': [ '1.1.1' ],
736 silly audit   'is-typed-array': [ '1.1.15' ],
736 silly audit   'is-unicode-supported': [ '2.1.0', '1.3.0' ],
736 silly audit   'is-weakmap': [ '2.0.2' ],
736 silly audit   'is-weakref': [ '1.1.1' ],
736 silly audit   'is-weakset': [ '2.0.4' ],
736 silly audit   'is-wsl': [ '3.1.1' ],
736 silly audit   'iterator.prototype': [ '1.1.5' ],
736 silly audit   jiti: [ '2.6.1' ],
736 silly audit   jose: [ '6.2.2' ],
736 silly audit   'js-yaml': [ '4.1.1' ],
736 silly audit   jsesc: [ '3.1.0' ],
736 silly audit   'json-buffer': [ '3.0.1' ],
736 silly audit   'json-parse-even-better-errors': [ '2.3.1' ],
736 silly audit   'json-schema-to-ts': [ '3.1.1' ],
736 silly audit   'json-stable-stringify-without-jsonify': [ '1.0.1' ],
736 silly audit   jsonfile: [ '6.2.1' ],
736 silly audit   'jsx-ast-utils': [ '3.3.5' ],
736 silly audit   keyv: [ '4.5.4' ],
736 silly audit   kleur: [ '4.1.5', '3.0.3' ],
736 silly audit   'language-subtag-registry': [ '0.3.23' ],
736 silly audit   'language-tags': [ '1.0.9' ],
736 silly audit   levn: [ '0.4.1' ],
736 silly audit   lightningcss: [ '1.32.0' ],
736 silly audit   'lightningcss-android-arm64': [ '1.32.0' ],
736 silly audit   'lightningcss-darwin-arm64': [ '1.32.0' ],
736 silly audit   'lightningcss-darwin-x64': [ '1.32.0' ],
736 silly audit   'lightningcss-freebsd-x64': [ '1.32.0' ],
736 silly audit   'lightningcss-linux-arm-gnueabihf': [ '1.32.0' ],
736 silly audit   'lightningcss-linux-arm64-gnu': [ '1.32.0' ],
736 silly audit   'lightningcss-linux-arm64-musl': [ '1.32.0' ],
736 silly audit   'lightningcss-linux-x64-gnu': [ '1.32.0' ],
736 silly audit   'lightningcss-linux-x64-musl': [ '1.32.0' ],
736 silly audit   'lightningcss-win32-arm64-msvc': [ '1.32.0' ],
736 silly audit   'lightningcss-win32-x64-msvc': [ '1.32.0' ],
736 silly audit   'lines-and-columns': [ '1.2.4' ],
736 silly audit   'parse-json': [ '5.2.0' ],
736 silly audit   'lodash.merge': [ '4.6.2' ],
736 silly audit   'log-symbols': [ '6.0.0' ],
736 silly audit   'loose-envify': [ '1.4.0' ],
736 silly audit   'lucide-react': [ '1.11.0' ],
736 silly audit   'magic-string': [ '0.30.21' ],
736 silly audit   'math-intrinsics': [ '1.1.0' ],
736 silly audit   'media-typer': [ '1.1.0' ],
736 silly audit   'merge-descriptors': [ '2.0.0' ],
736 silly audit   'merge-stream': [ '2.0.0' ],
736 silly audit   merge2: [ '1.4.1' ],
736 silly audit   'mimic-fn': [ '2.1.0' ],
736 silly audit   'mimic-function': [ '5.0.1' ],
736 silly audit   minimist: [ '1.2.8' ],
736 silly audit   msw: [ '2.13.6' ],
736 silly audit   'mute-stream': [ '3.0.0' ],
736 silly audit   nanoid: [ '3.3.11' ],
736 silly audit   'napi-postinstall': [ '0.3.4' ],
736 silly audit   'natural-compare': [ '1.4.0' ],
736 silly audit   'source-map': [ '0.6.1' ],
736 silly audit   'node-releases': [ '2.0.38' ],
736 silly audit   'on-finished': [ '2.4.1' ],
736 silly audit   ora: [ '8.2.0' ],
736 silly audit   'path-to-regexp': [ '6.3.0', '8.4.2' ],
736 silly audit   'prop-types': [ '15.8.1' ],
736 silly audit   'raw-body': [ '3.0.2' ],
736 silly audit   'react-is': [ '16.13.1' ],
736 silly audit   recast: [ '0.23.11' ],
736 silly audit   'restore-cursor': [ '5.1.0' ],
736 silly audit   send: [ '1.2.1' ],
736 silly audit   setprototypeof: [ '1.2.0' ],
736 silly audit   statuses: [ '2.0.2' ],
736 silly audit   toidentifier: [ '1.0.1' ],
736 silly audit   'node-domexception': [ '1.0.0' ],
736 silly audit   'node-exports-info': [ '1.6.0' ],
736 silly audit   'path-browserify': [ '1.0.1' ],
736 silly audit   punycode: [ '2.3.1' ],
736 silly audit   'path-key': [ '4.0.0', '3.1.1' ],
736 silly audit   'object-assign': [ '4.1.1' ],
736 silly audit   'object-inspect': [ '1.13.4' ],
736 silly audit   'object-keys': [ '1.1.1' ],
736 silly audit   'object-treeify': [ '1.1.33' ],
736 silly audit   'object.assign': [ '4.1.7' ],
736 silly audit   'object.entries': [ '1.1.9' ],
736 silly audit   'object.fromentries': [ '2.0.8' ],
736 silly audit   'object.groupby': [ '1.0.3' ],
736 silly audit   'object.values': [ '1.2.1' ],
736 silly audit   once: [ '1.4.0' ],
736 silly audit   open: [ '11.0.0' ],
736 silly audit   optionator: [ '0.9.4' ],
736 silly audit   outvariant: [ '1.4.3' ],
736 silly audit   'own-keys': [ '1.0.1' ],
736 silly audit   'parent-module': [ '1.0.1' ],
736 silly audit   'parse-ms': [ '4.0.0' ],
736 silly audit   parseurl: [ '1.3.3' ],
736 silly audit   'path-parse': [ '1.0.7' ],
736 silly audit   'pkce-challenge': [ '5.0.1' ],
736 silly audit   'possible-typed-array-names': [ '1.1.0' ],
736 silly audit   'powershell-utils': [ '0.1.0' ],
736 silly audit   'prelude-ls': [ '1.2.1' ],
736 silly audit   'pretty-ms': [ '9.3.0' ],
736 silly audit   prompts: [ '2.4.2' ],
736 silly audit   'proxy-addr': [ '2.0.7' ],
736 silly audit   qs: [ '6.15.1' ],
736 silly audit   'queue-microtask': [ '1.2.3' ],
736 silly audit   'radix-ui': [ '1.4.3' ],
736 silly audit   'range-parser': [ '1.2.1' ],
736 silly audit   react: [ '19.2.4' ],
736 silly audit   'react-dom': [ '19.2.4' ],
736 silly audit   'react-remove-scroll': [ '2.7.2' ],
736 silly audit   'react-remove-scroll-bar': [ '2.3.8' ],
736 silly audit   'react-style-singleton': [ '2.2.3' ],
736 silly audit   'reflect.getprototypeof': [ '1.0.10' ],
736 silly audit   'regexp.prototype.flags': [ '1.5.4' ],
736 silly audit   'require-directory': [ '2.1.1' ],
736 silly audit   'require-from-string': [ '2.0.2' ],
736 silly audit   resend: [ '6.1.3' ],
736 silly audit   'resolve-pkg-maps': [ '1.0.0' ],
736 silly audit   rettime: [ '0.11.8' ],
736 silly audit   reusify: [ '1.1.0' ],
736 silly audit   router: [ '2.2.0' ],
736 silly audit   'run-applescript': [ '7.1.0' ],
736 silly audit   'run-parallel': [ '1.2.0' ],
736 silly audit   'safe-array-concat': [ '1.1.4' ],
736 silly audit   'safe-push-apply': [ '1.0.0' ],
736 silly audit   'safe-regex-test': [ '1.1.0' ],
736 silly audit   'safer-buffer': [ '2.1.2' ],
736 silly audit   scheduler: [ '0.27.0' ],
736 silly audit   'serve-static': [ '2.2.1' ],
736 silly audit   'set-cookie-parser': [ '3.1.0' ],
736 silly audit   'set-function-length': [ '1.2.2' ],
736 silly audit   'set-function-name': [ '2.0.2' ],
736 silly audit   'set-proto': [ '1.0.0' ],
736 silly audit   shadcn: [ '4.5.0' ],
736 silly audit   'tsconfig-paths': [ '4.2.0', '3.15.0' ],
736 silly audit   zod: [ '3.25.76', '4.3.6' ],
736 silly audit   'shebang-command': [ '2.0.0' ],
736 silly audit   'shebang-regex': [ '3.0.0' ],
736 silly audit   'side-channel': [ '1.1.0' ],
736 silly audit   'side-channel-list': [ '1.0.1' ],
736 silly audit   'side-channel-map': [ '1.0.1' ],
736 silly audit   'side-channel-weakmap': [ '1.0.2' ],
736 silly audit   sisteransi: [ '1.0.5' ],
736 silly audit   'source-map-js': [ '1.2.1' ],
736 silly audit   'stable-hash': [ '0.0.5' ],
736 silly audit   'stdin-discarder': [ '0.2.2' ],
736 silly audit   'stop-iteration-iterator': [ '1.1.0' ],
736 silly audit   'strict-event-emitter': [ '0.5.1' ],
736 silly audit   'string.prototype.includes': [ '2.0.1' ],
736 silly audit   'string.prototype.matchall': [ '4.0.12' ],
736 silly audit   'string.prototype.repeat': [ '1.0.0' ],
736 silly audit   'string.prototype.trim': [ '1.2.10' ],
736 silly audit   'string.prototype.trimend': [ '1.0.9' ],
736 silly audit   'string.prototype.trimstart': [ '1.0.8' ],
736 silly audit   'stringify-object': [ '5.0.0' ],
736 silly audit   'strip-bom': [ '3.0.0' ],
736 silly audit   'strip-json-comments': [ '3.1.1' ],
736 silly audit   'supports-preserve-symlinks-flag': [ '1.0.0' ],
736 silly audit   'tagged-tag': [ '1.0.0' ],
736 silly audit   'tailwind-merge': [ '3.5.0' ],
736 silly audit   tailwindcss: [ '4.2.4' ],
736 silly audit   'tiny-invariant': [ '1.3.3' ],
736 silly audit   tinyglobby: [ '0.2.16' ],
736 silly audit   tldts: [ '7.0.28' ],
736 silly audit   'tldts-core': [ '7.0.28' ],
736 silly audit   'tough-cookie': [ '6.0.1' ],
736 silly audit   'ts-algebra': [ '2.0.0' ],
736 silly audit   'ts-api-utils': [ '2.5.0' ],
736 silly audit   'ts-morph': [ '26.0.0' ],
736 silly audit   tslib: [ '2.8.1' ],
736 silly audit   'tw-animate-css': [ '1.4.0' ],
736 silly audit   'type-check': [ '0.4.0' ],
736 silly audit   'type-fest': [ '5.6.0' ],
736 silly audit   'type-is': [ '2.0.1' ],
736 silly audit   'typed-array-buffer': [ '1.0.3' ],
736 silly audit   'typed-array-byte-length': [ '1.0.3' ],
736 silly audit   'typed-array-byte-offset': [ '1.0.4' ],
736 silly audit   'typed-array-length': [ '1.0.7' ],
736 silly audit   typescript: [ '5.9.3' ],
736 silly audit   'typescript-eslint': [ '8.59.0' ],
736 silly audit   'unbox-primitive': [ '1.1.0' ],
736 silly audit   'undici-types': [ '6.21.0' ],
736 silly audit   'unicorn-magic': [ '0.3.0' ],
736 silly audit   universalify: [ '2.0.1' ],
736 silly audit   unpipe: [ '1.0.0' ],
736 silly audit   'unrs-resolver': [ '1.11.1' ],
736 silly audit   'until-async': [ '3.0.2' ],
736 silly audit   'update-browserslist-db': [ '1.2.3' ],
736 silly audit   'uri-js': [ '4.4.1' ],
736 silly audit   'use-callback-ref': [ '1.3.3' ],
736 silly audit   'use-sidecar': [ '1.1.3' ],
736 silly audit   'use-sync-external-store': [ '1.6.0' ],
736 silly audit   'util-deprecate': [ '1.0.2' ],
736 silly audit   'validate-npm-package-name': [ '7.0.2' ],
736 silly audit   vary: [ '1.1.2' ],
736 silly audit   'web-streams-polyfill': [ '3.3.3' ],
736 silly audit   'which-boxed-primitive': [ '1.1.1' ],
736 silly audit   'which-builtin-type': [ '1.2.1' ],
736 silly audit   'which-collection': [ '1.0.2' ],
736 silly audit   'which-typed-array': [ '1.1.20' ],
736 silly audit   'word-wrap': [ '1.2.5' ],
736 silly audit   'wrap-ansi': [ '7.0.0' ],
736 silly audit   wrappy: [ '1.0.2' ],
736 silly audit   ws: [ '8.20.0' ],
736 silly audit   'wsl-utils': [ '0.3.1' ],
736 silly audit   yargs: [ '17.7.2' ],
736 silly audit   'yargs-parser': [ '21.1.1' ],
736 silly audit   'yocto-queue': [ '0.1.0' ],
736 silly audit   'yocto-spinner': [ '1.1.0' ],
736 silly audit   yoctocolors: [ '2.1.2' ],
736 silly audit   'zod-to-json-schema': [ '3.25.2' ],
736 silly audit   'zod-validation-error': [ '4.0.2' ],
736 silly audit   next: [ '16.2.4' ],
736 silly audit   '@next/env': [ '16.2.4' ],
736 silly audit   '@next/swc-darwin-arm64': [ '16.2.4' ],
736 silly audit   '@next/swc-darwin-x64': [ '16.2.4' ],
736 silly audit   '@next/swc-linux-arm64-gnu': [ '16.2.4' ],
736 silly audit   '@next/swc-linux-arm64-musl': [ '16.2.4' ],
736 silly audit   '@next/swc-linux-x64-gnu': [ '16.2.4' ],
736 silly audit   '@next/swc-linux-x64-musl': [ '16.2.4' ],
736 silly audit   '@next/swc-win32-arm64-msvc': [ '16.2.4' ],
736 silly audit   '@next/swc-win32-x64-msvc': [ '16.2.4' ],
736 silly audit   '@swc/helpers': [ '0.5.15' ],
736 silly audit   sharp: [ '0.34.5' ],
736 silly audit   'styled-jsx': [ '5.1.6' ],
736 silly audit   '@img/colour': [ '1.1.0' ],
736 silly audit   '@img/sharp-darwin-arm64': [ '0.34.5' ],
736 silly audit   '@img/sharp-darwin-x64': [ '0.34.5' ],
736 silly audit   '@img/sharp-libvips-darwin-arm64': [ '1.2.4' ],
736 silly audit   '@img/sharp-libvips-darwin-x64': [ '1.2.4' ],
736 silly audit   '@img/sharp-libvips-linux-arm': [ '1.2.4' ],
736 silly audit   '@img/sharp-libvips-linux-arm64': [ '1.2.4' ],
736 silly audit   '@img/sharp-libvips-linux-ppc64': [ '1.2.4' ],
736 silly audit   '@img/sharp-libvips-linux-riscv64': [ '1.2.4' ],
736 silly audit   '@img/sharp-libvips-linux-s390x': [ '1.2.4' ],
736 silly audit   '@img/sharp-libvips-linux-x64': [ '1.2.4' ],
736 silly audit   '@img/sharp-libvips-linuxmusl-arm64': [ '1.2.4' ],
736 silly audit   '@img/sharp-libvips-linuxmusl-x64': [ '1.2.4' ],
736 silly audit   '@img/sharp-linux-arm': [ '0.34.5' ],
736 silly audit   '@img/sharp-linux-arm64': [ '0.34.5' ],
736 silly audit   '@img/sharp-linux-ppc64': [ '0.34.5' ],
736 silly audit   '@img/sharp-linux-riscv64': [ '0.34.5' ],
736 silly audit   '@img/sharp-linux-s390x': [ '0.34.5' ],
736 silly audit   '@img/sharp-linux-x64': [ '0.34.5' ],
736 silly audit   '@img/sharp-linuxmusl-arm64': [ '0.34.5' ],
736 silly audit   '@img/sharp-linuxmusl-x64': [ '0.34.5' ],
736 silly audit   '@img/sharp-wasm32': [ '0.34.5' ],
736 silly audit   '@img/sharp-win32-arm64': [ '0.34.5' ],
736 silly audit   '@img/sharp-win32-ia32': [ '0.34.5' ],
736 silly audit   '@img/sharp-win32-x64': [ '0.34.5' ],
736 silly audit   'client-only': [ '0.0.1' ]
736 silly audit }
737 http cache client-only@https://registry.npmjs.org/client-only/-/client-only-0.0.1.tgz 0ms (cache hit)
738 http cache @img/sharp-darwin-arm64@https://registry.npmjs.org/@img/sharp-darwin-arm64/-/sharp-darwin-arm64-0.34.5.tgz 0ms (cache hit)
739 http cache @img/sharp-libvips-darwin-arm64@https://registry.npmjs.org/@img/sharp-libvips-darwin-arm64/-/sharp-libvips-darwin-arm64-1.2.4.tgz 0ms (cache hit)
740 http cache @img/colour@https://registry.npmjs.org/@img/colour/-/colour-1.1.0.tgz 0ms (cache hit)
741 http cache styled-jsx@https://registry.npmjs.org/styled-jsx/-/styled-jsx-5.1.6.tgz 0ms (cache hit)
742 http cache sharp@https://registry.npmjs.org/sharp/-/sharp-0.34.5.tgz 0ms (cache hit)
743 http cache @next/swc-darwin-arm64@https://registry.npmjs.org/@next/swc-darwin-arm64/-/swc-darwin-arm64-16.2.4.tgz 0ms (cache hit)
744 http cache @next/env@https://registry.npmjs.org/@next/env/-/env-16.2.4.tgz 0ms (cache hit)
745 http cache next@https://registry.npmjs.org/next/-/next-16.2.4.tgz 0ms (cache hit)
746 http cache semver@https://registry.npmjs.org/semver/-/semver-7.7.4.tgz 0ms (cache hit)
747 http cache postcss@https://registry.npmjs.org/postcss/-/postcss-8.4.31.tgz 0ms (cache hit)
748 http cache @swc/helpers@https://registry.npmjs.org/@swc/helpers/-/helpers-0.5.15.tgz 0ms (cache hit)
749 silly tarball no local data for client-only@https://registry.npmjs.org/client-only/-/client-only-0.0.1.tgz. Extracting by manifest.
750 silly tarball no local data for @img/sharp-darwin-arm64@https://registry.npmjs.org/@img/sharp-darwin-arm64/-/sharp-darwin-arm64-0.34.5.tgz. Extracting by manifest.
751 silly tarball no local data for @img/sharp-libvips-darwin-arm64@https://registry.npmjs.org/@img/sharp-libvips-darwin-arm64/-/sharp-libvips-darwin-arm64-1.2.4.tgz. Extracting by manifest.
752 silly tarball no local data for @img/colour@https://registry.npmjs.org/@img/colour/-/colour-1.1.0.tgz. Extracting by manifest.
753 silly tarball no local data for styled-jsx@https://registry.npmjs.org/styled-jsx/-/styled-jsx-5.1.6.tgz. Extracting by manifest.
754 silly tarball no local data for sharp@https://registry.npmjs.org/sharp/-/sharp-0.34.5.tgz. Extracting by manifest.
755 silly tarball no local data for @next/swc-darwin-arm64@https://registry.npmjs.org/@next/swc-darwin-arm64/-/swc-darwin-arm64-16.2.4.tgz. Extracting by manifest.
756 silly tarball no local data for @next/env@https://registry.npmjs.org/@next/env/-/env-16.2.4.tgz. Extracting by manifest.
757 silly tarball no local data for next@https://registry.npmjs.org/next/-/next-16.2.4.tgz. Extracting by manifest.
758 silly tarball no local data for semver@https://registry.npmjs.org/semver/-/semver-7.7.4.tgz. Extracting by manifest.
759 silly tarball no local data for postcss@https://registry.npmjs.org/postcss/-/postcss-8.4.31.tgz. Extracting by manifest.
760 silly tarball no local data for @swc/helpers@https://registry.npmjs.org/@swc/helpers/-/helpers-0.5.15.tgz. Extracting by manifest.
761 http fetch GET 200 https://registry.npmjs.org/client-only/-/client-only-0.0.1.tgz 36ms (cache miss)
762 http fetch GET 200 https://registry.npmjs.org/styled-jsx/-/styled-jsx-5.1.6.tgz 46ms (cache miss)
763 http fetch GET 200 https://registry.npmjs.org/@img/colour/-/colour-1.1.0.tgz 49ms (cache miss)
764 http fetch GET 200 https://registry.npmjs.org/@img/sharp-darwin-arm64/-/sharp-darwin-arm64-0.34.5.tgz 52ms (cache miss)
765 http fetch GET 200 https://registry.npmjs.org/sharp/-/sharp-0.34.5.tgz 53ms (cache miss)
766 http fetch GET 200 https://registry.npmjs.org/postcss/-/postcss-8.4.31.tgz 157ms (cache miss)
767 http fetch GET 200 https://registry.npmjs.org/semver/-/semver-7.7.4.tgz 170ms (cache miss)
768 http fetch GET 200 https://registry.npmjs.org/@next/env/-/env-16.2.4.tgz 184ms (cache miss)
769 http fetch POST 200 https://registry.npmjs.org/-/npm/v1/security/advisories/bulk 205ms
770 silly audit report {
770 silly audit report   postcss: [
770 silly audit report     {
770 silly audit report       id: 1117015,
770 silly audit report       url: 'https://github.com/advisories/GHSA-qx2v-qp2m-jg93',
770 silly audit report       title: 'PostCSS has XSS via Unescaped </style> in its CSS Stringify Output',
770 silly audit report       severity: 'moderate',
770 silly audit report       vulnerable_versions: '<8.5.10',
770 silly audit report       cwe: [Array],
770 silly audit report       cvss: [Object]
770 silly audit report     }
770 silly audit report   ]
770 silly audit report }
771 silly packumentCache corgi:https://registry.npmjs.org/postcss cache-miss
772 http fetch GET 200 https://registry.npmjs.org/@img/sharp-libvips-darwin-arm64/-/sharp-libvips-darwin-arm64-1.2.4.tgz 265ms (cache miss)
773 http fetch GET 200 https://registry.npmjs.org/postcss 72ms (cache updated)
774 silly packumentCache corgi:https://registry.npmjs.org/postcss set size:undefined disposed:false
775 silly packumentCache corgi:https://registry.npmjs.org/next cache-miss
776 http fetch GET 200 https://registry.npmjs.org/@swc/helpers/-/helpers-0.5.15.tgz 289ms (cache miss)
777 http fetch GET 200 https://registry.npmjs.org/next 76ms (cache revalidated)
778 silly packumentCache corgi:https://registry.npmjs.org/next set size:24786150 disposed:false
779 http fetch GET 200 https://registry.npmjs.org/@next/swc-darwin-arm64/-/swc-darwin-arm64-16.2.4.tgz 2009ms (cache miss)
780 http fetch GET 200 https://registry.npmjs.org/next/-/next-16.2.4.tgz 2282ms (cache miss)
781 info run sharp@0.34.5 install node_modules/sharp node install/check.js || npm run build
782 info run sharp@0.34.5 install { code: 0, signal: null }
783 warn cleanup Failed to remove some directories [
783 warn cleanup   [
783 warn cleanup     '/Users/vishwampathak/dayflow/node_modules/.postcss-initial-FsXXWEVn',
783 warn cleanup     [Error: EPERM: operation not permitted, unlink '/Users/vishwampathak/dayflow/node_modules/.postcss-initial-FsXXWEVn/.vscode/settings.json'] {
783 warn cleanup       errno: -1,
783 warn cleanup       code: 'EPERM',
783 warn cleanup       syscall: 'unlink',
783 warn cleanup       path: '/Users/vishwampathak/dayflow/node_modules/.postcss-initial-FsXXWEVn/.vscode/settings.json'
783 warn cleanup     }
783 warn cleanup   ],
783 warn cleanup   [
783 warn cleanup     '/Users/vishwampathak/dayflow/node_modules/.serialize-javascript-j23qEfHX',
783 warn cleanup     [Error: EPERM: operation not permitted, unlink '/Users/vishwampathak/dayflow/node_modules/.serialize-javascript-j23qEfHX/.vscode/settings.json'] {
783 warn cleanup       errno: -1,
783 warn cleanup       code: 'EPERM',
783 warn cleanup       syscall: 'unlink',
783 warn cleanup       path: '/Users/vishwampathak/dayflow/node_modules/.serialize-javascript-j23qEfHX/.vscode/settings.json'
783 warn cleanup     }
783 warn cleanup   ]
783 warn cleanup ]
784 silly ADD node_modules/client-only
785 silly ADD node_modules/@img/sharp-libvips-darwin-arm64
786 silly ADD node_modules/@img/sharp-darwin-arm64
787 silly ADD node_modules/@img/colour
788 silly ADD node_modules/styled-jsx
789 silly ADD node_modules/sharp
790 silly ADD node_modules/sharp/node_modules/semver
791 silly ADD node_modules/@swc/helpers
792 silly ADD node_modules/@next/swc-darwin-arm64
793 silly ADD node_modules/@next/env
794 silly REMOVE node_modules/xtend
795 silly REMOVE node_modules/write-file-atomic
796 silly REMOVE node_modules/write-file-atomic/node_modules/signal-exit
797 silly REMOVE node_modules/worker-rpc
798 silly REMOVE node_modules/worker-farm
799 silly REMOVE node_modules/whatwg-url
800 silly REMOVE node_modules/webpack-sources
801 silly REMOVE node_modules/webpack-merge
802 silly REMOVE node_modules/webpack-log
803 silly REMOVE node_modules/webpack-hot-middleware
804 silly REMOVE node_modules/webpack-hot-middleware/node_modules/strip-ansi
805 silly REMOVE node_modules/webpack-hot-middleware/node_modules/ansi-regex
806 silly REMOVE node_modules/webpack-dev-middleware
807 silly REMOVE node_modules/webpack
808 silly REMOVE node_modules/webpack/node_modules/watchpack
809 silly REMOVE node_modules/webpack/node_modules/to-regex-range
810 silly REMOVE node_modules/webpack/node_modules/tapable
811 silly REMOVE node_modules/webpack/node_modules/schema-utils
812 silly REMOVE node_modules/webpack/node_modules/micromatch
813 silly REMOVE node_modules/webpack/node_modules/loader-utils
814 silly REMOVE node_modules/webpack/node_modules/json5
815 silly REMOVE node_modules/webpack/node_modules/is-number
816 silly REMOVE node_modules/webpack/node_modules/is-number/node_modules/kind-of
817 silly REMOVE node_modules/webpack/node_modules/is-extendable
818 silly REMOVE node_modules/webpack/node_modules/fill-range
819 silly REMOVE node_modules/webpack/node_modules/fill-range/node_modules/extend-shallow
820 silly REMOVE node_modules/webpack/node_modules/estraverse
821 silly REMOVE node_modules/webpack/node_modules/eslint-scope
822 silly REMOVE node_modules/webpack/node_modules/enhanced-resolve
823 silly REMOVE node_modules/webpack/node_modules/enhanced-resolve/node_modules/memory-fs
824 silly REMOVE node_modules/webpack/node_modules/braces
825 silly REMOVE node_modules/webpack/node_modules/braces/node_modules/extend-shallow
826 silly REMOVE node_modules/webpack/node_modules/acorn
827 silly REMOVE node_modules/webidl-conversions
828 silly REMOVE node_modules/wcwidth
829 silly REMOVE node_modules/watchpack-chokidar2
830 silly REMOVE node_modules/watchpack-chokidar2/node_modules/to-regex-range
831 silly REMOVE node_modules/watchpack-chokidar2/node_modules/readdirp
832 silly REMOVE node_modules/watchpack-chokidar2/node_modules/micromatch
833 silly REMOVE node_modules/watchpack-chokidar2/node_modules/is-number
834 silly REMOVE node_modules/watchpack-chokidar2/node_modules/is-number/node_modules/kind-of
835 silly REMOVE node_modules/watchpack-chokidar2/node_modules/is-extendable
836 silly REMOVE node_modules/watchpack-chokidar2/node_modules/is-binary-path
837 silly REMOVE node_modules/watchpack-chokidar2/node_modules/glob-parent
838 silly REMOVE node_modules/watchpack-chokidar2/node_modules/glob-parent/node_modules/is-glob
839 silly REMOVE node_modules/watchpack-chokidar2/node_modules/fsevents
840 silly REMOVE node_modules/watchpack-chokidar2/node_modules/fill-range
841 silly REMOVE node_modules/watchpack-chokidar2/node_modules/fill-range/node_modules/extend-shallow
842 silly REMOVE node_modules/watchpack-chokidar2/node_modules/chokidar
843 silly REMOVE node_modules/watchpack-chokidar2/node_modules/braces
844 silly REMOVE node_modules/watchpack-chokidar2/node_modules/braces/node_modules/extend-shallow
845 silly REMOVE node_modules/watchpack-chokidar2/node_modules/binary-extensions
846 silly REMOVE node_modules/watchpack-chokidar2/node_modules/anymatch
847 silly REMOVE node_modules/watchpack-chokidar2/node_modules/anymatch/node_modules/normalize-path
848 silly REMOVE node_modules/watchpack
849 silly REMOVE node_modules/vm-browserify
850 silly REMOVE node_modules/validate-npm-package-license
851 silly REMOVE node_modules/uuid
852 silly REMOVE node_modules/util
853 silly REMOVE node_modules/util/node_modules/inherits
854 silly REMOVE node_modules/use
855 silly REMOVE node_modules/url
856 silly REMOVE node_modules/url/node_modules/querystring
857 silly REMOVE node_modules/url/node_modules/punycode
858 silly REMOVE node_modules/urix
859 silly REMOVE node_modules/upath
860 silly REMOVE node_modules/unset-value
861 silly REMOVE node_modules/unset-value/node_modules/isarray
862 silly REMOVE node_modules/unset-value/node_modules/has-values
863 silly REMOVE node_modules/unset-value/node_modules/has-value
864 silly REMOVE node_modules/unset-value/node_modules/has-value/node_modules/isobject
865 silly REMOVE node_modules/unique-slug
866 silly REMOVE node_modules/unique-filename
867 silly REMOVE node_modules/uniq
868 silly REMOVE node_modules/union-value
869 silly REMOVE node_modules/union-value/node_modules/is-extendable
870 silly REMOVE node_modules/unicode-property-aliases-ecmascript
871 silly REMOVE node_modules/unicode-match-property-value-ecmascript
872 silly REMOVE node_modules/unicode-match-property-ecmascript
873 silly REMOVE node_modules/unicode-canonical-property-names-ecmascript
874 silly REMOVE node_modules/unfetch
875 silly REMOVE node_modules/typedarray-to-buffer
876 silly REMOVE node_modules/typedarray
877 silly REMOVE node_modules/type
878 silly REMOVE node_modules/tty-browserify
879 silly REMOVE node_modules/ts-pnp
880 silly REMOVE node_modules/traverse
881 silly REMOVE node_modules/tr46
882 silly REMOVE node_modules/to-regex
883 silly REMOVE node_modules/to-object-path
884 silly REMOVE node_modules/to-object-path/node_modules/kind-of
885 silly REMOVE node_modules/to-fast-properties
886 silly REMOVE node_modules/to-buffer
887 silly REMOVE node_modules/to-buffer/node_modules/safe-buffer
888 silly REMOVE node_modules/to-arraybuffer
889 silly REMOVE node_modules/timers-browserify
890 silly REMOVE node_modules/through2
891 silly REMOVE node_modules/thread-loader
892 silly REMOVE node_modules/thread-loader/node_modules/loader-utils
893 silly REMOVE node_modules/thread-loader/node_modules/json5
894 silly REMOVE node_modules/terser-webpack-plugin
895 silly REMOVE node_modules/terser-webpack-plugin/node_modules/semver
896 silly REMOVE node_modules/terser-webpack-plugin/node_modules/schema-utils
897 silly REMOVE node_modules/terser-webpack-plugin/node_modules/pkg-dir
898 silly REMOVE node_modules/terser-webpack-plugin/node_modules/path-exists
899 silly REMOVE node_modules/terser-webpack-plugin/node_modules/p-locate
900 silly REMOVE node_modules/terser-webpack-plugin/node_modules/p-limit
901 silly REMOVE node_modules/terser-webpack-plugin/node_modules/make-dir
902 silly REMOVE node_modules/terser-webpack-plugin/node_modules/locate-path
903 silly REMOVE node_modules/terser-webpack-plugin/node_modules/is-wsl
904 silly REMOVE node_modules/terser-webpack-plugin/node_modules/find-up
905 silly REMOVE node_modules/terser-webpack-plugin/node_modules/find-cache-dir
906 silly REMOVE node_modules/terser
907 silly REMOVE node_modules/terser/node_modules/commander
908 silly REMOVE node_modules/stylis-rule-sheet
909 silly REMOVE node_modules/stylis
910 silly REMOVE node_modules/style-loader
911 silly REMOVE node_modules/style-loader/node_modules/loader-utils
912 silly REMOVE node_modules/style-loader/node_modules/json5
913 silly REMOVE node_modules/string-hash
914 silly REMOVE node_modules/string_decoder
915 silly REMOVE node_modules/strict-uri-encode
916 silly REMOVE node_modules/stream-shift
917 silly REMOVE node_modules/stream-http
918 silly REMOVE node_modules/stream-each
919 silly REMOVE node_modules/stream-browserify
920 silly REMOVE node_modules/static-extend
921 silly REMOVE node_modules/static-extend/node_modules/is-descriptor
922 silly REMOVE node_modules/static-extend/node_modules/define-property
923 silly REMOVE node_modules/ssri
924 silly REMOVE node_modules/sprintf-js
925 silly REMOVE node_modules/split-string
926 silly REMOVE node_modules/spdx-license-ids
927 silly REMOVE node_modules/spdx-expression-parse
928 silly REMOVE node_modules/spdx-exceptions
929 silly REMOVE node_modules/spdx-correct
930 silly REMOVE node_modules/source-map-url
931 silly REMOVE node_modules/source-map-support
932 silly REMOVE node_modules/source-map-resolve
933 silly REMOVE node_modules/source-list-map
934 silly REMOVE node_modules/sort-keys
935 silly REMOVE node_modules/sort-keys/node_modules/is-plain-obj
936 silly REMOVE node_modules/snapdragon-util
937 silly REMOVE node_modules/snapdragon-util/node_modules/kind-of
938 silly REMOVE node_modules/snapdragon-node
939 silly REMOVE node_modules/snapdragon-node/node_modules/define-property
940 silly REMOVE node_modules/snapdragon
941 silly REMOVE node_modules/snapdragon/node_modules/source-map
942 silly REMOVE node_modules/snapdragon/node_modules/ms
943 silly REMOVE node_modules/snapdragon/node_modules/is-extendable
944 silly REMOVE node_modules/snapdragon/node_modules/is-descriptor
945 silly REMOVE node_modules/snapdragon/node_modules/extend-shallow
946 silly REMOVE node_modules/snapdragon/node_modules/define-property
947 silly REMOVE node_modules/snapdragon/node_modules/debug
948 silly REMOVE node_modules/shell-quote
949 silly REMOVE node_modules/shallow-clone
950 silly REMOVE node_modules/sha.js
951 silly REMOVE node_modules/sha.js/node_modules/safe-buffer
952 silly REMOVE node_modules/setimmediate
953 silly REMOVE node_modules/set-value
954 silly REMOVE node_modules/set-value/node_modules/is-extendable
955 silly REMOVE node_modules/set-value/node_modules/extend-shallow
956 silly REMOVE node_modules/serialize-javascript
957 silly REMOVE node_modules/schema-utils
958 silly REMOVE node_modules/sass-loader
959 silly REMOVE node_modules/sass-loader/node_modules/loader-utils
960 silly REMOVE node_modules/sass-loader/node_modules/json5
961 silly REMOVE node_modules/safe-regex
962 silly REMOVE node_modules/safe-buffer
963 silly REMOVE node_modules/run-queue
964 silly REMOVE node_modules/ripemd160
965 silly REMOVE node_modules/ripemd160/node_modules/safe-buffer
966 silly REMOVE node_modules/ripemd160/node_modules/hash-base
967 silly REMOVE node_modules/rimraf
968 silly REMOVE node_modules/rework-visit
969 silly REMOVE node_modules/rework
970 silly REMOVE node_modules/rework/node_modules/convert-source-map
971 silly REMOVE node_modules/retry
972 silly REMOVE node_modules/ret
973 silly REMOVE node_modules/resolve-url-loader
974 silly REMOVE node_modules/resolve-url-loader/node_modules/supports-color
975 silly REMOVE node_modules/resolve-url-loader/node_modules/postcss
976 silly REMOVE node_modules/resolve-url-loader/node_modules/loader-utils
977 silly REMOVE node_modules/resolve-url-loader/node_modules/json5
978 silly REMOVE node_modules/resolve-url-loader/node_modules/has-flag
979 silly REMOVE node_modules/resolve-url-loader/node_modules/escape-string-regexp
980 silly REMOVE node_modules/resolve-url-loader/node_modules/emojis-list
981 silly REMOVE node_modules/resolve-url-loader/node_modules/convert-source-map
982 silly REMOVE node_modules/resolve-url-loader/node_modules/color-name
983 silly REMOVE node_modules/resolve-url-loader/node_modules/color-convert
984 silly REMOVE node_modules/resolve-url-loader/node_modules/chalk
985 silly REMOVE node_modules/resolve-url-loader/node_modules/chalk/node_modules/supports-color
986 silly REMOVE node_modules/resolve-url-loader/node_modules/ansi-styles
987 silly REMOVE node_modules/resolve-url
988 silly REMOVE node_modules/requires-port
989 silly REMOVE node_modules/repeat-string
990 silly REMOVE node_modules/repeat-element
991 silly REMOVE node_modules/remove-trailing-separator
992 silly REMOVE node_modules/regjsparser
993 silly REMOVE node_modules/regjsgen
994 silly REMOVE node_modules/regexpu-core
995 silly REMOVE node_modules/regex-parser
996 silly REMOVE node_modules/regex-not
997 silly REMOVE node_modules/regenerator-runtime
998 silly REMOVE node_modules/regenerate-unicode-properties
999 silly REMOVE node_modules/regenerate
1000 silly REMOVE node_modules/reflect.ownkeys
1001 silly REMOVE node_modules/readdirp
1002 silly REMOVE node_modules/readable-stream
1003 silly REMOVE node_modules/readable-stream/node_modules/isarray
1004 silly REMOVE node_modules/read-pkg
1005 silly REMOVE node_modules/react-error-overlay
1006 silly REMOVE node_modules/randomfill
1007 silly REMOVE node_modules/randombytes
1008 silly REMOVE node_modules/querystring-es3
1009 silly REMOVE node_modules/querystring
1010 silly REMOVE node_modules/query-string
1011 silly REMOVE node_modules/pumpify
1012 silly REMOVE node_modules/pumpify/node_modules/pump
1013 silly REMOVE node_modules/pump
1014 silly REMOVE node_modules/public-encrypt
1015 silly REMOVE node_modules/public-encrypt/node_modules/bn.js
1016 silly REMOVE node_modules/prr
1017 silly REMOVE node_modules/prop-types-exact
1018 silly REMOVE node_modules/promise-inflight
1019 silly REMOVE node_modules/promise
1020 silly REMOVE node_modules/process-nextick-args
1021 silly REMOVE node_modules/process
1022 silly REMOVE node_modules/private
1023 silly REMOVE node_modules/prepend-http
1024 silly REMOVE node_modules/postcss-values-parser
1025 silly REMOVE node_modules/postcss-value-parser
1026 silly REMOVE node_modules/postcss-selector-not
1027 silly REMOVE node_modules/postcss-selector-not/node_modules/postcss
1028 silly REMOVE node_modules/postcss-selector-not/node_modules/picocolors
1029 silly REMOVE node_modules/postcss-selector-matches
1030 silly REMOVE node_modules/postcss-selector-matches/node_modules/postcss
1031 silly REMOVE node_modules/postcss-selector-matches/node_modules/picocolors
1032 silly REMOVE node_modules/postcss-replace-overflow-wrap
1033 silly REMOVE node_modules/postcss-replace-overflow-wrap/node_modules/postcss
1034 silly REMOVE node_modules/postcss-replace-overflow-wrap/node_modules/picocolors
1035 silly REMOVE node_modules/postcss-pseudo-class-any-link
1036 silly REMOVE node_modules/postcss-pseudo-class-any-link/node_modules/postcss-selector-parser
1037 silly REMOVE node_modules/postcss-pseudo-class-any-link/node_modules/postcss
1038 silly REMOVE node_modules/postcss-pseudo-class-any-link/node_modules/picocolors
1039 silly REMOVE node_modules/postcss-pseudo-class-any-link/node_modules/cssesc
1040 silly REMOVE node_modules/postcss-preset-env
1041 silly REMOVE node_modules/postcss-preset-env/node_modules/postcss
1042 silly REMOVE node_modules/postcss-preset-env/node_modules/picocolors
1043 silly REMOVE node_modules/postcss-place
1044 silly REMOVE node_modules/postcss-place/node_modules/postcss
1045 silly REMOVE node_modules/postcss-place/node_modules/picocolors
1046 silly REMOVE node_modules/postcss-page-break
1047 silly REMOVE node_modules/postcss-page-break/node_modules/postcss
1048 silly REMOVE node_modules/postcss-page-break/node_modules/picocolors
1049 silly REMOVE node_modules/postcss-overflow-shorthand
1050 silly REMOVE node_modules/postcss-overflow-shorthand/node_modules/postcss
1051 silly REMOVE node_modules/postcss-overflow-shorthand/node_modules/picocolors
1052 silly REMOVE node_modules/postcss-nesting
1053 silly REMOVE node_modules/postcss-nesting/node_modules/postcss
1054 silly REMOVE node_modules/postcss-nesting/node_modules/picocolors
1055 silly REMOVE node_modules/postcss-modules-values
1056 silly REMOVE node_modules/postcss-modules-values/node_modules/postcss
1057 silly REMOVE node_modules/postcss-modules-values/node_modules/picocolors
1058 silly REMOVE node_modules/postcss-modules-scope
1059 silly REMOVE node_modules/postcss-modules-scope/node_modules/postcss-selector-parser
1060 silly REMOVE node_modules/postcss-modules-scope/node_modules/postcss
1061 silly REMOVE node_modules/postcss-modules-scope/node_modules/picocolors
1062 silly REMOVE node_modules/postcss-modules-local-by-default
1063 silly REMOVE node_modules/postcss-modules-local-by-default/node_modules/postcss-selector-parser
1064 silly REMOVE node_modules/postcss-modules-local-by-default/node_modules/postcss
1065 silly REMOVE node_modules/postcss-modules-local-by-default/node_modules/picocolors
1066 silly REMOVE node_modules/postcss-modules-extract-imports
1067 silly REMOVE node_modules/postcss-modules-extract-imports/node_modules/postcss
1068 silly REMOVE node_modules/postcss-modules-extract-imports/node_modules/picocolors
1069 silly REMOVE node_modules/postcss-media-minmax
1070 silly REMOVE node_modules/postcss-media-minmax/node_modules/postcss
1071 silly REMOVE node_modules/postcss-media-minmax/node_modules/picocolors
1072 silly REMOVE node_modules/postcss-logical
1073 silly REMOVE node_modules/postcss-logical/node_modules/postcss
1074 silly REMOVE node_modules/postcss-logical/node_modules/picocolors
1075 silly REMOVE node_modules/postcss-loader
1076 silly REMOVE node_modules/postcss-loader/node_modules/schema-utils
1077 silly REMOVE node_modules/postcss-loader/node_modules/postcss
1078 silly REMOVE node_modules/postcss-loader/node_modules/picocolors
1079 silly REMOVE node_modules/postcss-loader/node_modules/loader-utils
1080 silly REMOVE node_modules/postcss-loader/node_modules/json5
1081 silly REMOVE node_modules/postcss-load-config
1082 silly REMOVE node_modules/postcss-load-config/node_modules/resolve-from
1083 silly REMOVE node_modules/postcss-load-config/node_modules/parse-json
1084 silly REMOVE node_modules/postcss-load-config/node_modules/js-yaml
1085 silly REMOVE node_modules/postcss-load-config/node_modules/import-fresh
1086 silly REMOVE node_modules/postcss-load-config/node_modules/cosmiconfig
1087 silly REMOVE node_modules/postcss-load-config/node_modules/argparse
1088 silly REMOVE node_modules/postcss-lab-function
1089 silly REMOVE node_modules/postcss-lab-function/node_modules/postcss
1090 silly REMOVE node_modules/postcss-lab-function/node_modules/picocolors
1091 silly REMOVE node_modules/postcss-initial
1092 silly REMOVE node_modules/postcss-initial/node_modules/postcss
1093 silly REMOVE node_modules/postcss-initial/node_modules/picocolors
1094 silly REMOVE node_modules/postcss-image-set-function
1095 silly REMOVE node_modules/postcss-image-set-function/node_modules/postcss
1096 silly REMOVE node_modules/postcss-image-set-function/node_modules/picocolors
1097 silly REMOVE node_modules/postcss-gap-properties
1098 silly REMOVE node_modules/postcss-gap-properties/node_modules/postcss
1099 silly REMOVE node_modules/postcss-gap-properties/node_modules/picocolors
1100 silly REMOVE node_modules/postcss-font-variant
1101 silly REMOVE node_modules/postcss-font-variant/node_modules/postcss
1102 silly REMOVE node_modules/postcss-font-variant/node_modules/picocolors
1103 silly REMOVE node_modules/postcss-focus-within
1104 silly REMOVE node_modules/postcss-focus-within/node_modules/postcss
1105 silly REMOVE node_modules/postcss-focus-within/node_modules/picocolors
1106 silly REMOVE node_modules/postcss-focus-visible
1107 silly REMOVE node_modules/postcss-focus-visible/node_modules/postcss
1108 silly REMOVE node_modules/postcss-focus-visible/node_modules/picocolors
1109 silly REMOVE node_modules/postcss-flexbugs-fixes
1110 silly REMOVE node_modules/postcss-flexbugs-fixes/node_modules/postcss
1111 silly REMOVE node_modules/postcss-flexbugs-fixes/node_modules/picocolors
1112 silly REMOVE node_modules/postcss-env-function
1113 silly REMOVE node_modules/postcss-env-function/node_modules/postcss
1114 silly REMOVE node_modules/postcss-env-function/node_modules/picocolors
1115 silly REMOVE node_modules/postcss-double-position-gradients
1116 silly REMOVE node_modules/postcss-double-position-gradients/node_modules/postcss
1117 silly REMOVE node_modules/postcss-double-position-gradients/node_modules/picocolors
1118 silly REMOVE node_modules/postcss-dir-pseudo-class
1119 silly REMOVE node_modules/postcss-dir-pseudo-class/node_modules/postcss-selector-parser
1120 silly REMOVE node_modules/postcss-dir-pseudo-class/node_modules/postcss
1121 silly REMOVE node_modules/postcss-dir-pseudo-class/node_modules/picocolors
1122 silly REMOVE node_modules/postcss-dir-pseudo-class/node_modules/cssesc
1123 silly REMOVE node_modules/postcss-custom-selectors
1124 silly REMOVE node_modules/postcss-custom-selectors/node_modules/postcss-selector-parser
1125 silly REMOVE node_modules/postcss-custom-selectors/node_modules/postcss
1126 silly REMOVE node_modules/postcss-custom-selectors/node_modules/picocolors
1127 silly REMOVE node_modules/postcss-custom-selectors/node_modules/cssesc
1128 silly REMOVE node_modules/postcss-custom-properties
1129 silly REMOVE node_modules/postcss-custom-properties/node_modules/postcss
1130 silly REMOVE node_modules/postcss-custom-properties/node_modules/picocolors
1131 silly REMOVE node_modules/postcss-custom-media
1132 silly REMOVE node_modules/postcss-custom-media/node_modules/postcss
1133 silly REMOVE node_modules/postcss-custom-media/node_modules/picocolors
1134 silly REMOVE node_modules/postcss-color-rebeccapurple
1135 silly REMOVE node_modules/postcss-color-rebeccapurple/node_modules/postcss
1136 silly REMOVE node_modules/postcss-color-rebeccapurple/node_modules/picocolors
1137 silly REMOVE node_modules/postcss-color-mod-function
1138 silly REMOVE node_modules/postcss-color-mod-function/node_modules/postcss
1139 silly REMOVE node_modules/postcss-color-mod-function/node_modules/picocolors
1140 silly REMOVE node_modules/postcss-color-hex-alpha
1141 silly REMOVE node_modules/postcss-color-hex-alpha/node_modules/postcss
1142 silly REMOVE node_modules/postcss-color-hex-alpha/node_modules/picocolors
1143 silly REMOVE node_modules/postcss-color-gray
1144 silly REMOVE node_modules/postcss-color-gray/node_modules/postcss
1145 silly REMOVE node_modules/postcss-color-gray/node_modules/picocolors
1146 silly REMOVE node_modules/postcss-color-functional-notation
1147 silly REMOVE node_modules/postcss-color-functional-notation/node_modules/postcss
1148 silly REMOVE node_modules/postcss-color-functional-notation/node_modules/picocolors
1149 silly REMOVE node_modules/postcss-attribute-case-insensitive
1150 silly REMOVE node_modules/postcss-attribute-case-insensitive/node_modules/postcss-selector-parser
1151 silly REMOVE node_modules/postcss-attribute-case-insensitive/node_modules/postcss
1152 silly REMOVE node_modules/postcss-attribute-case-insensitive/node_modules/picocolors
1153 silly REMOVE node_modules/posix-character-classes
1154 silly REMOVE node_modules/pnp-webpack-plugin
1155 silly REMOVE node_modules/pkg-up
1156 silly REMOVE node_modules/pkg-up/node_modules/path-exists
1157 silly REMOVE node_modules/pkg-up/node_modules/p-locate
1158 silly REMOVE node_modules/pkg-up/node_modules/p-limit
1159 silly REMOVE node_modules/pkg-up/node_modules/locate-path
1160 silly REMOVE node_modules/pkg-up/node_modules/find-up
1161 silly REMOVE node_modules/pkg-dir
1162 silly REMOVE node_modules/pkg-dir/node_modules/path-exists
1163 silly REMOVE node_modules/pkg-dir/node_modules/p-try
1164 silly REMOVE node_modules/pkg-dir/node_modules/p-locate
1165 silly REMOVE node_modules/pkg-dir/node_modules/p-limit
1166 silly REMOVE node_modules/pkg-dir/node_modules/locate-path
1167 silly REMOVE node_modules/pkg-dir/node_modules/find-up
1168 silly REMOVE node_modules/pinkie-promise
1169 silly REMOVE node_modules/pinkie
1170 silly REMOVE node_modules/pify
1171 silly REMOVE node_modules/pbkdf2
1172 silly REMOVE node_modules/pbkdf2/node_modules/safe-buffer
1173 silly REMOVE node_modules/path-type
1174 silly REMOVE node_modules/path-type/node_modules/pify
1175 silly REMOVE node_modules/path-is-inside
1176 silly REMOVE node_modules/path-is-absolute
1177 silly REMOVE node_modules/path-dirname
1178 silly REMOVE node_modules/pascalcase
1179 silly REMOVE node_modules/parse-asn1
1180 silly REMOVE node_modules/parse-asn1/node_modules/safe-buffer
1181 silly REMOVE node_modules/parallel-transform
1182 silly REMOVE node_modules/pako
1183 silly REMOVE node_modules/p-try
1184 silly REMOVE node_modules/p-map
1185 silly REMOVE node_modules/os-browserify
1186 silly REMOVE node_modules/on-headers
1187 silly REMOVE node_modules/object.pick
1188 silly REMOVE node_modules/object-visit
1189 silly REMOVE node_modules/object-path
1190 silly REMOVE node_modules/object-copy
1191 silly REMOVE node_modules/object-copy/node_modules/kind-of
1192 silly REMOVE node_modules/object-copy/node_modules/is-descriptor
1193 silly REMOVE node_modules/object-copy/node_modules/define-property
1194 silly REMOVE node_modules/num2fraction
1195 silly REMOVE node_modules/normalize-url
1196 silly REMOVE node_modules/normalize-range
1197 silly REMOVE node_modules/normalize-path
1198 silly REMOVE node_modules/normalize-package-data
1199 silly REMOVE node_modules/normalize-package-data/node_modules/semver
1200 silly REMOVE node_modules/normalize-package-data/node_modules/resolve
1201 silly REMOVE node_modules/normalize-html-whitespace
1202 silly REMOVE node_modules/node-libs-browser
1203 silly REMOVE node_modules/node-libs-browser/node_modules/util
1204 silly REMOVE node_modules/node-libs-browser/node_modules/punycode
1205 silly REMOVE node_modules/node-libs-browser/node_modules/path-browserify
1206 silly REMOVE node_modules/node-libs-browser/node_modules/inherits
1207 silly REMOVE node_modules/next-tick
1208 silly CHANGE node_modules/next
1209 silly ADD node_modules/next/node_modules/postcss
1210 silly REMOVE node_modules/next/node_modules/use-subscription
1211 silly REMOVE node_modules/next/node_modules/toidentifier
1212 silly REMOVE node_modules/next/node_modules/supports-color
1213 silly REMOVE node_modules/next/node_modules/styled-jsx
1214 silly REMOVE node_modules/next/node_modules/styled-jsx/node_modules/source-map
1215 silly REMOVE node_modules/next/node_modules/styled-jsx/node_modules/loader-utils
1216 silly REMOVE node_modules/next/node_modules/styled-jsx/node_modules/json5
1217 silly REMOVE node_modules/next/node_modules/styled-jsx/node_modules/convert-source-map
1218 silly REMOVE node_modules/next/node_modules/styled-jsx/node_modules/@babel/types
1219 silly REMOVE node_modules/next/node_modules/strip-ansi
1220 silly REMOVE node_modules/next/node_modules/statuses
1221 silly REMOVE node_modules/next/node_modules/signal-exit
1222 silly REMOVE node_modules/next/node_modules/setprototypeof
1223 silly REMOVE node_modules/next/node_modules/send
1224 silly REMOVE node_modules/next/node_modules/send/node_modules/debug
1225 silly REMOVE node_modules/next/node_modules/send/node_modules/debug/node_modules/ms
1226 silly REMOVE node_modules/next/node_modules/semver
1227 silly REMOVE node_modules/next/node_modules/restore-cursor
1228 silly REMOVE node_modules/next/node_modules/resolve
1229 silly REMOVE node_modules/next/node_modules/recast
1230 silly REMOVE node_modules/next/node_modules/react-is
1231 silly REMOVE node_modules/next/node_modules/raw-body
1232 silly REMOVE node_modules/next/node_modules/prop-types
1233 silly REMOVE node_modules/next/node_modules/path-to-regexp
1234 silly REMOVE node_modules/next/node_modules/p-locate
1235 silly REMOVE node_modules/next/node_modules/p-limit
1236 silly REMOVE node_modules/next/node_modules/ora
1237 silly REMOVE node_modules/next/node_modules/onetime
1238 silly REMOVE node_modules/next/node_modules/on-finished
1239 silly REMOVE node_modules/next/node_modules/node-releases
1240 silly REMOVE node_modules/next/node_modules/node-fetch
1241 silly REMOVE node_modules/next/node_modules/ms
1242 silly REMOVE node_modules/next/node_modules/mimic-fn
1243 silly REMOVE node_modules/next/node_modules/mime
1244 silly REMOVE node_modules/next/node_modules/log-symbols
1245 silly REMOVE node_modules/next/node_modules/locate-path
1246 silly REMOVE node_modules/next/node_modules/json5
1247 silly REMOVE node_modules/next/node_modules/is-wsl
1248 silly REMOVE node_modules/next/node_modules/is-docker
1249 silly REMOVE node_modules/next/node_modules/inherits
1250 silly REMOVE node_modules/next/node_modules/iconv-lite
1251 silly REMOVE node_modules/next/node_modules/http-errors
1252 silly REMOVE node_modules/next/node_modules/has-flag
1253 silly REMOVE node_modules/next/node_modules/fresh
1254 silly REMOVE node_modules/next/node_modules/find-up
1255 silly REMOVE node_modules/next/node_modules/escape-string-regexp
1256 silly REMOVE node_modules/next/node_modules/encodeurl
1257 silly REMOVE node_modules/next/node_modules/emojis-list
1258 silly REMOVE node_modules/next/node_modules/depd
1259 silly REMOVE node_modules/next/node_modules/cookie
1260 silly REMOVE node_modules/next/node_modules/convert-source-map
1261 silly REMOVE node_modules/next/node_modules/content-type
1262 silly REMOVE node_modules/next/node_modules/color-name
1263 silly REMOVE node_modules/next/node_modules/color-convert
1264 silly REMOVE node_modules/next/node_modules/cli-cursor
1265 silly REMOVE node_modules/next/node_modules/chalk
1266 silly REMOVE node_modules/next/node_modules/chalk/node_modules/escape-string-regexp
1267 silly REMOVE node_modules/next/node_modules/bytes
1268 silly REMOVE node_modules/next/node_modules/browserslist
1269 silly REMOVE node_modules/next/node_modules/ast-types
1270 silly REMOVE node_modules/next/node_modules/ansi-styles
1271 silly REMOVE node_modules/next/node_modules/ansi-regex
1272 silly REMOVE node_modules/next/node_modules/@babel/types
1273 silly REMOVE node_modules/next/node_modules/@babel/runtime
1274 silly REMOVE node_modules/next/node_modules/@babel/preset-typescript
1275 silly REMOVE node_modules/next/node_modules/@babel/plugin-transform-modules-commonjs
1276 silly REMOVE node_modules/next/node_modules/@babel/core
1277 silly REMOVE node_modules/next/node_modules/@babel/core/node_modules/source-map
1278 silly REMOVE node_modules/neo-async
1279 silly REMOVE node_modules/native-url
1280 silly REMOVE node_modules/nanomatch
1281 silly REMOVE node_modules/nan
1282 silly REMOVE node_modules/move-concurrently
1283 silly REMOVE node_modules/mkdirp
1284 silly REMOVE node_modules/mixin-deep
1285 silly REMOVE node_modules/mississippi
1286 silly REMOVE node_modules/minimalistic-crypto-utils
1287 silly REMOVE node_modules/minimalistic-assert
1288 silly REMOVE node_modules/mini-css-extract-plugin
1289 silly REMOVE node_modules/mini-css-extract-plugin/node_modules/schema-utils
1290 silly REMOVE node_modules/mini-css-extract-plugin/node_modules/loader-utils
1291 silly REMOVE node_modules/mini-css-extract-plugin/node_modules/json5
1292 silly REMOVE node_modules/mime
1293 silly REMOVE node_modules/miller-rabin
1294 silly REMOVE node_modules/miller-rabin/node_modules/bn.js
1295 silly REMOVE node_modules/microevent.ts
1296 silly REMOVE node_modules/memory-fs
1297 silly REMOVE node_modules/md5.js
1298 silly REMOVE node_modules/map-visit
1299 silly REMOVE node_modules/map-cache
1300 silly REMOVE node_modules/mamacro
1301 silly REMOVE node_modules/make-dir
1302 silly REMOVE node_modules/make-dir/node_modules/pify
1303 silly REMOVE node_modules/lodash.once
1304 silly REMOVE node_modules/lodash.isstring
1305 silly REMOVE node_modules/lodash.isplainobject
1306 silly REMOVE node_modules/lodash.isnumber
1307 silly REMOVE node_modules/lodash.isinteger
1308 silly REMOVE node_modules/lodash.isboolean
1309 silly REMOVE node_modules/lodash.includes
1310 silly REMOVE node_modules/lodash.curry
1311 silly REMOVE node_modules/lodash
1312 silly REMOVE node_modules/loader-utils
1313 silly REMOVE node_modules/loader-runner
1314 silly REMOVE node_modules/load-json-file
1315 silly REMOVE node_modules/load-json-file/node_modules/pify
1316 silly REMOVE node_modules/load-json-file/node_modules/parse-json
1317 silly REMOVE node_modules/launch-editor
1318 silly REMOVE node_modules/launch-editor/node_modules/supports-color
1319 silly REMOVE node_modules/launch-editor/node_modules/has-flag
1320 silly REMOVE node_modules/launch-editor/node_modules/escape-string-regexp
1321 silly REMOVE node_modules/launch-editor/node_modules/color-name
1322 silly REMOVE node_modules/launch-editor/node_modules/color-convert
1323 silly REMOVE node_modules/launch-editor/node_modules/chalk
1324 silly REMOVE node_modules/launch-editor/node_modules/ansi-styles
1325 silly REMOVE node_modules/kind-of
1326 silly REMOVE node_modules/jws
1327 silly REMOVE node_modules/jwa
1328 silly REMOVE node_modules/jsonwebtoken
1329 silly REMOVE node_modules/jsonwebtoken/node_modules/semver
1330 silly REMOVE node_modules/json-parse-better-errors
1331 silly REMOVE node_modules/js-levenshtein
1332 silly REMOVE node_modules/jest-worker
1333 silly REMOVE node_modules/jest-worker/node_modules/supports-color
1334 silly REMOVE node_modules/jest-worker/node_modules/has-flag
1335 silly REMOVE node_modules/isobject
1336 silly REMOVE node_modules/is-windows
1337 silly REMOVE node_modules/is-typedarray
1338 silly REMOVE node_modules/is-plain-object
1339 silly REMOVE node_modules/is-path-inside
1340 silly REMOVE node_modules/is-path-in-cwd
1341 silly REMOVE node_modules/is-path-cwd
1342 silly REMOVE node_modules/is-extendable
1343 silly REMOVE node_modules/is-directory
1344 silly REMOVE node_modules/is-descriptor
1345 silly REMOVE node_modules/is-data-descriptor
1346 silly REMOVE node_modules/is-buffer
1347 silly REMOVE node_modules/is-binary-path
1348 silly REMOVE node_modules/is-accessor-descriptor
1349 silly REMOVE node_modules/invariant
1350 silly REMOVE node_modules/inflight
1351 silly REMOVE node_modules/infer-owner
1352 silly REMOVE node_modules/indexes-of
1353 silly REMOVE node_modules/import-from
1354 silly REMOVE node_modules/import-from/node_modules/resolve-from
1355 silly REMOVE node_modules/import-cwd
1356 silly REMOVE node_modules/ignore-loader
1357 silly REMOVE node_modules/iferr
1358 silly REMOVE node_modules/ieee754
1359 silly REMOVE node_modules/icss-utils
1360 silly REMOVE node_modules/icss-utils/node_modules/postcss
1361 silly REMOVE node_modules/icss-utils/node_modules/picocolors
1362 silly REMOVE node_modules/https-browserify
1363 silly REMOVE node_modules/http-proxy
1364 silly REMOVE node_modules/htmlparser2
1365 silly REMOVE node_modules/html-entities
1366 silly REMOVE node_modules/hosted-git-info
1367 silly REMOVE node_modules/hmac-drbg
1368 silly REMOVE node_modules/hash.js
1369 silly REMOVE node_modules/hash-base
1370 silly REMOVE node_modules/hash-base/node_modules/safe-buffer
1371 silly REMOVE node_modules/has-values
1372 silly REMOVE node_modules/has-values/node_modules/kind-of
1373 silly REMOVE node_modules/has-values/node_modules/is-number
1374 silly REMOVE node_modules/has-values/node_modules/is-number/node_modules/kind-of
1375 silly REMOVE node_modules/has-value
1376 silly REMOVE node_modules/has-ansi
1377 silly REMOVE node_modules/has-ansi/node_modules/ansi-regex
1378 silly REMOVE node_modules/has
1379 silly REMOVE node_modules/gzip-size
1380 silly REMOVE node_modules/globby
1381 silly REMOVE node_modules/globby/node_modules/pify
1382 silly REMOVE node_modules/glob-to-regexp
1383 silly REMOVE node_modules/glob
1384 silly REMOVE node_modules/get-value
1385 silly REMOVE node_modules/fsevents
1386 silly REMOVE node_modules/fs.realpath
1387 silly REMOVE node_modules/fs-write-stream-atomic
1388 silly REMOVE node_modules/from2
1389 silly REMOVE node_modules/fragment-cache
1390 silly REMOVE node_modules/fork-ts-checker-webpack-plugin
1391 silly REMOVE node_modules/fork-ts-checker-webpack-plugin/node_modules/to-regex-range
1392 silly REMOVE node_modules/fork-ts-checker-webpack-plugin/node_modules/tapable
1393 silly REMOVE node_modules/fork-ts-checker-webpack-plugin/node_modules/supports-color
1394 silly REMOVE node_modules/fork-ts-checker-webpack-plugin/node_modules/semver
1395 silly REMOVE node_modules/fork-ts-checker-webpack-plugin/node_modules/micromatch
1396 silly REMOVE node_modules/fork-ts-checker-webpack-plugin/node_modules/is-number
1397 silly REMOVE node_modules/fork-ts-checker-webpack-plugin/node_modules/is-number/node_modules/kind-of
1398 silly REMOVE node_modules/fork-ts-checker-webpack-plugin/node_modules/is-extendable
1399 silly REMOVE node_modules/fork-ts-checker-webpack-plugin/node_modules/has-flag
1400 silly REMOVE node_modules/fork-ts-checker-webpack-plugin/node_modules/fill-range
1401 silly REMOVE node_modules/fork-ts-checker-webpack-plugin/node_modules/fill-range/node_modules/extend-shallow
1402 silly REMOVE node_modules/fork-ts-checker-webpack-plugin/node_modules/escape-string-regexp
1403 silly REMOVE node_modules/fork-ts-checker-webpack-plugin/node_modules/color-name
1404 silly REMOVE node_modules/fork-ts-checker-webpack-plugin/node_modules/color-convert
1405 silly REMOVE node_modules/fork-ts-checker-webpack-plugin/node_modules/chalk
1406 silly REMOVE node_modules/fork-ts-checker-webpack-plugin/node_modules/braces
1407 silly REMOVE node_modules/fork-ts-checker-webpack-plugin/node_modules/braces/node_modules/extend-shallow
1408 silly REMOVE node_modules/fork-ts-checker-webpack-plugin/node_modules/ansi-styles
1409 silly REMOVE node_modules/for-in
1410 silly REMOVE node_modules/follow-redirects
1411 silly REMOVE node_modules/flush-write-stream
1412 silly REMOVE node_modules/flatten
1413 silly REMOVE node_modules/find-cache-dir
1414 silly REMOVE node_modules/finally-polyfill
1415 silly REMOVE node_modules/file-uri-to-path
1416 silly REMOVE node_modules/file-loader
1417 silly REMOVE node_modules/file-loader/node_modules/loader-utils
1418 silly REMOVE node_modules/file-loader/node_modules/json5
1419 silly REMOVE node_modules/figgy-pudding
1420 silly REMOVE node_modules/extglob
1421 silly REMOVE node_modules/extglob/node_modules/is-extendable
1422 silly REMOVE node_modules/extglob/node_modules/extend-shallow
1423 silly REMOVE node_modules/extglob/node_modules/define-property
1424 silly REMOVE node_modules/extend-shallow
1425 silly REMOVE node_modules/ext
1426 silly REMOVE node_modules/expand-brackets
1427 silly REMOVE node_modules/expand-brackets/node_modules/ms
1428 silly REMOVE node_modules/expand-brackets/node_modules/is-extendable
1429 silly REMOVE node_modules/expand-brackets/node_modules/is-descriptor
1430 silly REMOVE node_modules/expand-brackets/node_modules/extend-shallow
1431 silly REMOVE node_modules/expand-brackets/node_modules/define-property
1432 silly REMOVE node_modules/expand-brackets/node_modules/debug
1433 silly REMOVE node_modules/evp_bytestokey
1434 silly REMOVE node_modules/events
1435 silly REMOVE node_modules/eventemitter3
1436 silly REMOVE node_modules/event-emitter
1437 silly REMOVE node_modules/esniff
1438 silly REMOVE node_modules/es6-symbol
1439 silly REMOVE node_modules/es6-iterator
1440 silly REMOVE node_modules/es5-ext
1441 silly REMOVE node_modules/errno
1442 silly REMOVE node_modules/entities
1443 silly REMOVE node_modules/end-of-stream
1444 silly REMOVE node_modules/emojis-list
1445 silly REMOVE node_modules/elliptic
1446 silly REMOVE node_modules/elliptic/node_modules/bn.js
1447 silly REMOVE node_modules/ecdsa-sig-formatter
1448 silly REMOVE node_modules/duplexify
1449 silly REMOVE node_modules/duplexer
1450 silly REMOVE node_modules/dot-prop
1451 silly REMOVE node_modules/dot-prop/node_modules/is-obj
1452 silly REMOVE node_modules/domutils
1453 silly REMOVE node_modules/domhandler
1454 silly REMOVE node_modules/domelementtype
1455 silly REMOVE node_modules/domain-browser
1456 silly REMOVE node_modules/dom-serializer
1457 silly REMOVE node_modules/diffie-hellman
1458 silly REMOVE node_modules/diffie-hellman/node_modules/bn.js
1459 silly REMOVE node_modules/devalue
1460 silly REMOVE node_modules/destroy
1461 silly REMOVE node_modules/des.js
1462 silly REMOVE node_modules/del
1463 silly REMOVE node_modules/del/node_modules/pify
1464 silly REMOVE node_modules/define-property
1465 silly REMOVE node_modules/defaults
1466 silly REMOVE node_modules/decode-uri-component
1467 silly REMOVE node_modules/d
1468 silly REMOVE node_modules/cyclist
1469 silly REMOVE node_modules/cssnano-simple
1470 silly REMOVE node_modules/cssnano-simple/node_modules/postcss
1471 silly REMOVE node_modules/cssnano-simple/node_modules/picocolors
1472 silly REMOVE node_modules/cssnano-preset-simple
1473 silly REMOVE node_modules/cssnano-preset-simple/node_modules/postcss
1474 silly REMOVE node_modules/cssnano-preset-simple/node_modules/picocolors
1475 silly REMOVE node_modules/cssdb
1476 silly REMOVE node_modules/css-prefers-color-scheme
1477 silly REMOVE node_modules/css-prefers-color-scheme/node_modules/postcss
1478 silly REMOVE node_modules/css-prefers-color-scheme/node_modules/picocolors
1479 silly REMOVE node_modules/css-loader
1480 silly REMOVE node_modules/css-loader/node_modules/postcss
1481 silly REMOVE node_modules/css-loader/node_modules/picocolors
1482 silly REMOVE node_modules/css-loader/node_modules/loader-utils
1483 silly REMOVE node_modules/css-loader/node_modules/json5
1484 silly REMOVE node_modules/css-has-pseudo
1485 silly REMOVE node_modules/css-has-pseudo/node_modules/postcss-selector-parser
1486 silly REMOVE node_modules/css-has-pseudo/node_modules/postcss
1487 silly REMOVE node_modules/css-has-pseudo/node_modules/picocolors
1488 silly REMOVE node_modules/css-has-pseudo/node_modules/cssesc
1489 silly REMOVE node_modules/css-blank-pseudo
1490 silly REMOVE node_modules/css-blank-pseudo/node_modules/postcss
1491 silly REMOVE node_modules/css-blank-pseudo/node_modules/picocolors
1492 silly REMOVE node_modules/css
1493 silly REMOVE node_modules/crypto-browserify
1494 silly REMOVE node_modules/cross-fetch
1495 silly REMOVE node_modules/cross-fetch/node_modules/node-fetch
1496 silly REMOVE node_modules/create-hmac
1497 silly REMOVE node_modules/create-hash
1498 silly REMOVE node_modules/create-ecdh
1499 silly REMOVE node_modules/create-ecdh/node_modules/bn.js
1500 silly REMOVE node_modules/core-util-is
1501 silly REMOVE node_modules/core-js-compat
1502 silly REMOVE node_modules/copy-descriptor
1503 silly REMOVE node_modules/copy-concurrently
1504 silly REMOVE node_modules/constants-browserify
1505 silly REMOVE node_modules/console-browserify
1506 silly REMOVE node_modules/conf
1507 silly REMOVE node_modules/conf/node_modules/make-dir
1508 silly REMOVE node_modules/conf/node_modules/json-schema-typed
1509 silly REMOVE node_modules/concat-stream
1510 silly REMOVE node_modules/compression
1511 silly REMOVE node_modules/compression/node_modules/negotiator
1512 silly REMOVE node_modules/compression/node_modules/ms
1513 silly REMOVE node_modules/compression/node_modules/mime-types
1514 silly REMOVE node_modules/compression/node_modules/mime-db
1515 silly REMOVE node_modules/compression/node_modules/debug
1516 silly REMOVE node_modules/compression/node_modules/bytes
1517 silly REMOVE node_modules/compression/node_modules/accepts
1518 silly REMOVE node_modules/compressible
1519 silly REMOVE node_modules/compose-function
1520 silly REMOVE node_modules/component-emitter
1521 silly REMOVE node_modules/commondir
1522 silly REMOVE node_modules/colors
1523 silly REMOVE node_modules/collection-visit
1524 silly REMOVE node_modules/clone-deep
1525 silly REMOVE node_modules/clone
1526 silly REMOVE node_modules/class-utils
1527 silly REMOVE node_modules/class-utils/node_modules/is-descriptor
1528 silly REMOVE node_modules/class-utils/node_modules/define-property
1529 silly REMOVE node_modules/cipher-base
1530 silly REMOVE node_modules/cipher-base/node_modules/safe-buffer
1531 silly REMOVE node_modules/ci-info
1532 silly REMOVE node_modules/chrome-trace-event
1533 silly REMOVE node_modules/chownr
1534 silly REMOVE node_modules/chokidar
1535 silly REMOVE node_modules/chokidar/node_modules/glob-parent
1536 silly REMOVE node_modules/camelcase
1537 silly REMOVE node_modules/caller-path
1538 silly REMOVE node_modules/caller-callsite
1539 silly REMOVE node_modules/caller-callsite/node_modules/callsites
1540 silly REMOVE node_modules/cache-loader
1541 silly REMOVE node_modules/cache-loader/node_modules/pkg-dir
1542 silly REMOVE node_modules/cache-loader/node_modules/p-locate
1543 silly REMOVE node_modules/cache-loader/node_modules/p-limit
1544 silly REMOVE node_modules/cache-loader/node_modules/make-dir
1545 silly REMOVE node_modules/cache-loader/node_modules/locate-path
1546 silly REMOVE node_modules/cache-loader/node_modules/loader-utils
1547 silly REMOVE node_modules/cache-loader/node_modules/json5
1548 silly REMOVE node_modules/cache-loader/node_modules/find-up
1549 silly REMOVE node_modules/cache-loader/node_modules/find-cache-dir
1550 silly REMOVE node_modules/cache-base
1551 silly REMOVE node_modules/cacache
1552 silly REMOVE node_modules/cacache/node_modules/y18n
1553 silly REMOVE node_modules/builtin-status-codes
1554 silly REMOVE node_modules/buffer-xor
1555 silly REMOVE node_modules/buffer-json
1556 silly REMOVE node_modules/buffer-from
1557 silly REMOVE node_modules/buffer-equal-constant-time
1558 silly REMOVE node_modules/buffer
1559 silly REMOVE node_modules/buffer/node_modules/isarray
1560 silly REMOVE node_modules/browserify-zlib
1561 silly REMOVE node_modules/browserify-sign
1562 silly REMOVE node_modules/browserify-sign/node_modules/safe-buffer
1563 silly REMOVE node_modules/browserify-rsa
1564 silly REMOVE node_modules/browserify-rsa/node_modules/safe-buffer
1565 silly REMOVE node_modules/browserify-des
1566 silly REMOVE node_modules/browserify-cipher
1567 silly REMOVE node_modules/browserify-aes
1568 silly REMOVE node_modules/brorand
1569 silly REMOVE node_modules/bn.js
1570 silly REMOVE node_modules/bluebird
1571 silly REMOVE node_modules/bindings
1572 silly REMOVE node_modules/binary-extensions
1573 silly REMOVE node_modules/big.js
1574 silly REMOVE node_modules/base64-js
1575 silly REMOVE node_modules/base
1576 silly REMOVE node_modules/base/node_modules/define-property
1577 silly REMOVE node_modules/babel-plugin-transform-react-remove-prop-types
1578 silly REMOVE node_modules/babel-plugin-transform-define
1579 silly REMOVE node_modules/babel-plugin-syntax-jsx
1580 silly REMOVE node_modules/babel-plugin-dynamic-import-node
1581 silly REMOVE node_modules/babel-loader
1582 silly REMOVE node_modules/babel-loader/node_modules/semver
1583 silly REMOVE node_modules/babel-loader/node_modules/pkg-dir
1584 silly REMOVE node_modules/babel-loader/node_modules/path-exists
1585 silly REMOVE node_modules/babel-loader/node_modules/p-locate
1586 silly REMOVE node_modules/babel-loader/node_modules/p-limit
1587 silly REMOVE node_modules/babel-loader/node_modules/make-dir
1588 silly REMOVE node_modules/babel-loader/node_modules/locate-path
1589 silly REMOVE node_modules/babel-loader/node_modules/loader-utils
1590 silly REMOVE node_modules/babel-loader/node_modules/json5
1591 silly REMOVE node_modules/babel-loader/node_modules/find-up
1592 silly REMOVE node_modules/babel-loader/node_modules/find-cache-dir
1593 silly REMOVE node_modules/babel-core
1594 silly REMOVE node_modules/babel-code-frame
1595 silly REMOVE node_modules/babel-code-frame/node_modules/supports-color
1596 silly REMOVE node_modules/babel-code-frame/node_modules/strip-ansi
1597 silly REMOVE node_modules/babel-code-frame/node_modules/js-tokens
1598 silly REMOVE node_modules/babel-code-frame/node_modules/escape-string-regexp
1599 silly REMOVE node_modules/babel-code-frame/node_modules/chalk
1600 silly REMOVE node_modules/babel-code-frame/node_modules/ansi-styles
1601 silly REMOVE node_modules/babel-code-frame/node_modules/ansi-regex
1602 silly REMOVE node_modules/autoprefixer
1603 silly REMOVE node_modules/autoprefixer/node_modules/postcss
1604 silly REMOVE node_modules/autoprefixer/node_modules/picocolors
1605 silly REMOVE node_modules/autodll-webpack-plugin
1606 silly REMOVE node_modules/autodll-webpack-plugin/node_modules/tapable
1607 silly REMOVE node_modules/atob
1608 silly REMOVE node_modules/async-sema
1609 silly REMOVE node_modules/async-retry
1610 silly REMOVE node_modules/async-each
1611 silly REMOVE node_modules/assign-symbols
1612 silly REMOVE node_modules/assert
1613 silly REMOVE node_modules/asn1.js
1614 silly REMOVE node_modules/asn1.js/node_modules/bn.js
1615 silly REMOVE node_modules/asap
1616 silly REMOVE node_modules/array-unique
1617 silly REMOVE node_modules/array-uniq
1618 silly REMOVE node_modules/array-union
1619 silly REMOVE node_modules/arr-union
1620 silly REMOVE node_modules/arr-flatten
1621 silly REMOVE node_modules/arr-diff
1622 silly REMOVE node_modules/arity-n
1623 silly REMOVE node_modules/aproba
1624 silly REMOVE node_modules/anymatch
1625 silly REMOVE node_modules/ansi-html
1626 silly REMOVE node_modules/ansi-colors
1627 silly REMOVE node_modules/amphtml-validator
1628 silly REMOVE node_modules/amphtml-validator/node_modules/commander
1629 silly REMOVE node_modules/ajv-keywords
1630 silly REMOVE node_modules/ajv-errors
1631 silly REMOVE node_modules/adjust-sourcemap-loader
1632 silly REMOVE node_modules/adjust-sourcemap-loader/node_modules/loader-utils
1633 silly REMOVE node_modules/adjust-sourcemap-loader/node_modules/json5
1634 silly REMOVE node_modules/adjust-sourcemap-loader/node_modules/emojis-list
1635 silly REMOVE node_modules/adjust-sourcemap-loader/node_modules/camelcase
1636 silly REMOVE node_modules/@xtuc/long
1637 silly REMOVE node_modules/@xtuc/ieee754
1638 silly REMOVE node_modules/@webassemblyjs/wast-printer
1639 silly REMOVE node_modules/@webassemblyjs/wast-parser
1640 silly REMOVE node_modules/@webassemblyjs/wasm-parser
1641 silly REMOVE node_modules/@webassemblyjs/wasm-opt
1642 silly REMOVE node_modules/@webassemblyjs/wasm-gen
1643 silly REMOVE node_modules/@webassemblyjs/wasm-edit
1644 silly REMOVE node_modules/@webassemblyjs/utf8
1645 silly REMOVE node_modules/@webassemblyjs/leb128
1646 silly REMOVE node_modules/@webassemblyjs/ieee754
1647 silly REMOVE node_modules/@webassemblyjs/helper-wasm-section
1648 silly REMOVE node_modules/@webassemblyjs/helper-wasm-bytecode
1649 silly REMOVE node_modules/@webassemblyjs/helper-module-context
1650 silly REMOVE node_modules/@webassemblyjs/helper-fsm
1651 silly REMOVE node_modules/@webassemblyjs/helper-code-frame
1652 silly REMOVE node_modules/@webassemblyjs/helper-buffer
1653 silly REMOVE node_modules/@webassemblyjs/helper-api-error
1654 silly REMOVE node_modules/@webassemblyjs/floating-point-hex-parser
1655 silly REMOVE node_modules/@webassemblyjs/ast
1656 silly REMOVE node_modules/@next/polyfill-nomodule
1657 silly REMOVE node_modules/@csstools/convert-colors
1658 silly REMOVE node_modules/@babel/preset-react
1659 silly REMOVE node_modules/@babel/preset-modules
1660 silly REMOVE node_modules/@babel/preset-env
1661 silly REMOVE node_modules/@babel/preset-env/node_modules/semver
1662 silly REMOVE node_modules/@babel/plugin-transform-unicode-regex
1663 silly REMOVE node_modules/@babel/plugin-transform-typeof-symbol
1664 silly REMOVE node_modules/@babel/plugin-transform-template-literals
1665 silly REMOVE node_modules/@babel/plugin-transform-sticky-regex
1666 silly REMOVE node_modules/@babel/plugin-transform-spread
1667 silly REMOVE node_modules/@babel/plugin-transform-shorthand-properties
1668 silly REMOVE node_modules/@babel/plugin-transform-runtime
1669 silly REMOVE node_modules/@babel/plugin-transform-runtime/node_modules/semver
1670 silly REMOVE node_modules/@babel/plugin-transform-runtime/node_modules/resolve
1671 silly REMOVE node_modules/@babel/plugin-transform-reserved-words
1672 silly REMOVE node_modules/@babel/plugin-transform-regenerator
1673 silly REMOVE node_modules/@babel/plugin-transform-react-jsx-source
1674 silly REMOVE node_modules/@babel/plugin-transform-react-jsx-self
1675 silly REMOVE node_modules/@babel/plugin-transform-react-jsx
1676 silly REMOVE node_modules/@babel/plugin-transform-react-display-name
1677 silly REMOVE node_modules/@babel/plugin-transform-property-literals
1678 silly REMOVE node_modules/@babel/plugin-transform-parameters
1679 silly REMOVE node_modules/@babel/plugin-transform-object-super
1680 silly REMOVE node_modules/@babel/plugin-transform-new-target
1681 silly REMOVE node_modules/@babel/plugin-transform-named-capturing-groups-regex
1682 silly REMOVE node_modules/@babel/plugin-transform-modules-umd
1683 silly REMOVE node_modules/@babel/plugin-transform-modules-systemjs
1684 silly REMOVE node_modules/@babel/plugin-transform-modules-amd
1685 silly REMOVE node_modules/@babel/plugin-transform-member-expression-literals
1686 silly REMOVE node_modules/@babel/plugin-transform-literals
1687 silly REMOVE node_modules/@babel/plugin-transform-function-name
1688 silly REMOVE node_modules/@babel/plugin-transform-for-of
1689 silly REMOVE node_modules/@babel/plugin-transform-exponentiation-operator
1690 silly REMOVE node_modules/@babel/plugin-transform-duplicate-keys
1691 silly REMOVE node_modules/@babel/plugin-transform-dotall-regex
1692 silly REMOVE node_modules/@babel/plugin-transform-destructuring
1693 silly REMOVE node_modules/@babel/plugin-transform-computed-properties
1694 silly REMOVE node_modules/@babel/plugin-transform-classes
1695 silly REMOVE node_modules/@babel/plugin-transform-block-scoping
1696 silly REMOVE node_modules/@babel/plugin-transform-block-scoped-functions
1697 silly REMOVE node_modules/@babel/plugin-transform-async-to-generator
1698 silly REMOVE node_modules/@babel/plugin-transform-arrow-functions
1699 silly REMOVE node_modules/@babel/plugin-syntax-top-level-await
1700 silly REMOVE node_modules/@babel/plugin-syntax-optional-chaining
1701 silly REMOVE node_modules/@babel/plugin-syntax-optional-catch-binding
1702 silly REMOVE node_modules/@babel/plugin-syntax-object-rest-spread
1703 silly REMOVE node_modules/@babel/plugin-syntax-numeric-separator
1704 silly REMOVE node_modules/@babel/plugin-syntax-nullish-coalescing-operator
1705 silly REMOVE node_modules/@babel/plugin-syntax-json-strings
1706 silly REMOVE node_modules/@babel/plugin-syntax-dynamic-import
1707 silly REMOVE node_modules/@babel/plugin-syntax-bigint
1708 silly REMOVE node_modules/@babel/plugin-syntax-async-generators
1709 silly REMOVE node_modules/@babel/plugin-proposal-unicode-property-regex
1710 silly REMOVE node_modules/@babel/plugin-proposal-optional-chaining
1711 silly REMOVE node_modules/@babel/plugin-proposal-optional-catch-binding
1712 silly REMOVE node_modules/@babel/plugin-proposal-object-rest-spread
1713 silly REMOVE node_modules/@babel/plugin-proposal-numeric-separator
1714 silly REMOVE node_modules/@babel/plugin-proposal-nullish-coalescing-operator
1715 silly REMOVE node_modules/@babel/plugin-proposal-json-strings
1716 silly REMOVE node_modules/@babel/plugin-proposal-dynamic-import
1717 silly REMOVE node_modules/@babel/plugin-proposal-dynamic-import/node_modules/@babel/plugin-syntax-dynamic-import
1718 silly REMOVE node_modules/@babel/plugin-proposal-class-properties
1719 silly REMOVE node_modules/@babel/plugin-proposal-async-generator-functions
1720 silly REMOVE node_modules/@babel/helper-wrap-function
1721 silly REMOVE node_modules/@babel/helper-simple-access
1722 silly REMOVE node_modules/@babel/helper-remap-async-to-generator
1723 silly REMOVE node_modules/@babel/helper-environment-visitor
1724 silly REMOVE node_modules/@babel/helper-create-regexp-features-plugin
1725 silly REMOVE node_modules/@ampproject/toolbox-validator-rules
1726 silly REMOVE node_modules/@ampproject/toolbox-script-csp
1727 silly REMOVE node_modules/@ampproject/toolbox-runtime-version
1728 silly REMOVE node_modules/@ampproject/toolbox-runtime-version/node_modules/yallist
1729 silly REMOVE node_modules/@ampproject/toolbox-runtime-version/node_modules/lru-cache
1730 silly REMOVE node_modules/@ampproject/toolbox-runtime-version/node_modules/@ampproject/toolbox-core
1731 silly REMOVE node_modules/@ampproject/toolbox-optimizer
1732 silly REMOVE node_modules/@ampproject/toolbox-optimizer/node_modules/terser
1733 silly REMOVE node_modules/@ampproject/toolbox-optimizer/node_modules/commander
1734 silly REMOVE node_modules/@ampproject/toolbox-core
1735 silly REMOVE node_modules/@ampproject/toolbox-core/node_modules/yallist
1736 silly REMOVE node_modules/@ampproject/toolbox-core/node_modules/lru-cache
1737 verbose cwd /Users/vishwampathak/dayflow
1738 verbose os Darwin 24.6.0
1739 verbose node v24.15.0
1740 verbose npm  v11.12.1
1741 verbose exit 0
1742 info ok
